event_id,segmento,selection_rank,lead_minutes,modelo,modelo_label,model_family,model_order,window_start,window_end,t_peak_obs,t_peak_pred,PTE_min,abs_PTE_min,peak_obs,peak_pred,peak_error,abs_peak_error,rel_peak_error_pct,abs_rel_peak_error_pct,pred_at_obs_peak,obs_peak_prediction_time_offset_min,error_at_obs_peak,abs_error_at_obs_peak,RMSE_evento,MAE_evento,Bias_evento,NSE_evento,n_puntos_evento
2021_E01,2021,1,10,Persistencia,Persistencia,Baseline ingenuo,0,2022-03-23 08:00:00,2022-03-23 12:00:00,2022-03-23 10:00:00,2022-03-23 10:10:00,10.0,10.0,3.746,3.746,0.0,0.0,0.0,0.0,3.631,0.0,-0.11500000000000021,0.11500000000000021,0.44213296642525995,0.31404,-0.01076000000000001,0.7984133233112845,25
2021_E01,2021,1,10,Ridge_ARX_local,Ridge-ARX,ML lineal ARX,1,2022-03-23 08:00:00,2022-03-23 12:00:00,2022-03-23 10:00:00,2022-03-23 10:00:00,0.0,0.0,3.746,4.262777947757515,0.516777947757515,0.516777947757515,13.795460431327147,13.795460431327147,4.262777947757515,0.0,0.516777947757515,0.516777947757515,0.32486735838566033,0.23227788265071495,0.04730772418315785,0.8911650998514932,25
2021_E01,2021,1,10,GradientBoosting_ARX,Gradient Boosting-ARX,ML no lineal ARX,2,2022-03-23 08:00:00,2022-03-23 12:00:00,2022-03-23 10:00:00,2022-03-23 09:50:00,-10.0,10.0,3.746,2.151872918219836,-1.5941270817801638,1.5941270817801638,-42.55544799199583,42.55544799199583,2.151872918219836,0.0,-1.5941270817801638,1.5941270817801638,0.7395292953376861,0.47761769939958604,-0.3638783634997278,0.4360159858977487,25
2021_E01,2021,1,10,ARIMA_selected,ARIMA,Estadistico,3,2022-03-23 08:00:00,2022-03-23 12:00:00,2022-03-23 10:00:00,2022-03-23 10:10:00,10.0,10.0,3.746,3.665645499949125,-0.08035450005087519,0.08035450005087519,-2.1450747477542764,2.1450747477542764,3.632808776318025,0.0,-0.1131912236819752,0.1131912236819752,0.3556847453933439,0.19852598645941677,-0.06151266940272611,0.8695372561578758,25
2021_E01,2021,1,10,SARIMAX_lagged_exog_selected,SARIMAX,Estadistico con exogenas,4,2022-03-23 08:00:00,2022-03-23 12:00:00,2022-03-23 10:00:00,2022-03-23 10:00:00,0.0,0.0,3.746,3.929888537498112,0.18388853749811185,0.18388853749811185,4.908930525843882,4.908930525843882,3.929888537498112,0.0,0.18388853749811185,0.18388853749811185,0.3033277165971052,0.15138262196549235,-0.05602461294819738,0.9051187886480137,25
2021_E01,2021,1,10,NBEATS,N-BEATS,Deep learning,5,2022-03-23 08:00:00,2022-03-23 12:00:00,2022-03-23 10:00:00,2022-03-23 09:50:00,-10.0,10.0,3.746,6.02416467666626,2.2781646766662598,2.2781646766662598,60.81592836802616,60.81592836802616,5.873619079589844,0.0,2.1276190795898438,2.1276190795898438,0.769367940122548,0.49917522281646726,0.36906481334686275,0.3895864025573472,25
2021_E01,2021,1,10,LSTM,LSTM,Deep learning recurrente,6,2022-03-23 08:00:00,2022-03-23 12:00:00,2022-03-23 10:00:00,2022-03-23 09:50:00,-10.0,10.0,3.746,3.8552859621358646,0.10928596213586461,0.10928596213586461,2.9174042214592797,2.9174042214592797,3.3295227481814007,0.0,-0.4164772518185993,0.4164772518185993,0.34556064366438655,0.2365737222210137,-0.05701736989091586,0.87685846082817,25
2021_E02,2021,2,10,Persistencia,Persistencia,Baseline ingenuo,0,2022-03-22 16:50:00,2022-03-22 20:50:00,2022-03-22 18:50:00,2022-03-22 19:00:00,10.0,10.0,3.705,3.705,0.0,0.0,0.0,0.0,3.602,0.0,-0.1030000000000002,0.1030000000000002,0.4600700816180074,0.26439999999999997,-0.02464,0.8683418958843426,25
2021_E02,2021,2,10,Ridge_ARX_local,Ridge-ARX,ML lineal ARX,1,2022-03-22 16:50:00,2022-03-22 20:50:00,2022-03-22 18:50:00,2022-03-22 18:40:00,-10.0,10.0,3.705,4.181983725039022,0.4769837250390223,0.4769837250390223,12.87405465692368,12.87405465692368,4.062601847888788,0.0,0.35760184788878835,0.35760184788878835,0.2231123326363215,0.15007857145728803,0.060523996666627944,0.9690367338026138,25
2021_E02,2021,2,10,GradientBoosting_ARX,Gradient Boosting-ARX,ML no lineal ARX,2,2022-03-22 16:50:00,2022-03-22 20:50:00,2022-03-22 18:50:00,2022-03-22 18:50:00,0.0,0.0,3.705,2.1219972734283994,-1.5830027265716007,1.5830027265716007,-42.72611947561675,42.72611947561675,2.1219972734283994,0.0,-1.5830027265716007,1.5830027265716007,0.7365131502621957,0.42703665110328987,-0.37249742324043406,0.6625879224955461,25
2021_E02,2021,2,10,ARIMA_selected,ARIMA,Estadistico,3,2022-03-22 16:50:00,2022-03-22 20:50:00,2022-03-22 18:50:00,2022-03-22 18:50:00,0.0,0.0,3.705,3.6470550871312777,-0.05794491286872239,0.05794491286872239,-1.5639652596146394,1.5639652596146394,3.6470550871312777,0.0,-0.05794491286872239,0.05794491286872239,0.3387163719991274,0.1558206086882694,-0.05586310923399444,0.928637182066496,25
2021_E02,2021,2,10,SARIMAX_lagged_exog_selected,SARIMAX,Estadistico con exogenas,4,2022-03-22 16:50:00,2022-03-22 20:50:00,2022-03-22 18:50:00,2022-03-22 18:50:00,0.0,0.0,3.705,3.8166907167827104,0.11169071678271036,0.11169071678271036,3.014594245147378,3.014594245147378,3.8166907167827104,0.0,0.11169071678271036,0.11169071678271036,0.32197988185903464,0.17019995945397362,-0.049140703532196746,0.9355152402182961,25
2021_E02,2021,2,10,NBEATS,N-BEATS,Deep learning,5,2022-03-22 16:50:00,2022-03-22 20:50:00,2022-03-22 18:50:00,2022-03-22 18:40:00,-10.0,10.0,3.705,4.527463436126709,0.8224634361267089,0.8224634361267089,22.19874321529579,22.19874321529579,3.7911341190338135,0.0,0.0861341190338134,0.0861341190338134,0.3185408749553588,0.1881837878668308,-0.027839850097894643,0.936885383131451,25
2021_E02,2021,2,10,LSTM,LSTM,Deep learning recurrente,6,2022-03-22 16:50:00,2022-03-22 20:50:00,2022-03-22 18:50:00,2022-03-22 18:40:00,-10.0,10.0,3.705,3.853482137892383,0.14848213789238285,0.14848213789238285,4.007615057824099,4.007615057824099,2.772451172280221,0.0,-0.9325488277197791,0.9325488277197791,0.3734454903615895,0.23147231753285952,-0.030819510309496204,0.9132530824291616,25
2021_E03,2021,3,10,Persistencia,Persistencia,Baseline ingenuo,0,2022-03-10 20:00:00,2022-03-11 00:00:00,2022-03-10 22:00:00,2022-03-10 22:10:00,10.0,10.0,2.52096045987647,2.52096045987647,0.0,0.0,0.0,0.0,2.45141419101811,0.0,-0.0695462688583599,0.0695462688583599,0.26274724077696204,0.16835667576903973,-0.011844342847466155,0.8541185123419744,25
2021_E03,2021,3,10,Ridge_ARX_local,Ridge-ARX,ML lineal ARX,1,2022-03-10 20:00:00,2022-03-11 00:00:00,2022-03-10 22:00:00,2022-03-10 22:00:00,0.0,0.0,2.52096045987647,2.869280392715059,0.3483199328385891,0.3483199328385891,13.81695343431357,13.81695343431357,2.869280392715059,0.0,0.3483199328385891,0.3483199328385891,0.14663482077208229,0.08488224668077385,0.033900733004955864,0.9545642102899645,25
2021_E03,2021,3,10,GradientBoosting_ARX,Gradient Boosting-ARX,ML no lineal ARX,2,2022-03-10 20:00:00,2022-03-11 00:00:00,2022-03-10 22:00:00,2022-03-10 21:50:00,-10.0,10.0,2.52096045987647,2.105040251117116,-0.4159202087593541,0.4159202087593541,-16.49848204202833,16.49848204202833,2.080662057907533,0.0,-0.4402984019689371,0.4402984019689371,0.17355933708781232,0.09641671261369776,-0.0600209066845685,0.9363468616721701,25
2021_E03,2021,3,10,ARIMA_selected,ARIMA,Estadistico,3,2022-03-10 20:00:00,2022-03-11 00:00:00,2022-03-10 22:00:00,2022-03-10 22:00:00,0.0,0.0,2.52096045987647,2.616320393617201,0.09535993374073115,0.09535993374073115,3.7826826425275986,3.7826826425275986,2.616320393617201,0.0,0.09535993374073115,0.09535993374073115,0.18845202073100728,0.10118756847070708,-0.03740722109075869,0.9249543622301718,25
2021_E03,2021,3,10,SARIMAX_lagged_exog_selected,SARIMAX,Estadistico con exogenas,4,2022-03-10 20:00:00,2022-03-11 00:00:00,2022-03-10 22:00:00,2022-03-10 22:00:00,0.0,0.0,2.52096045987647,2.676722079271752,0.1557616193952822,0.1557616193952822,6.178661739221198,6.178661739221198,2.676722079271752,0.0,0.1557616193952822,0.1557616193952822,0.18158224094655132,0.09679984452157957,-0.03285732895025242,0.9303260233741812,25
2021_E03,2021,3,10,NBEATS,N-BEATS,Deep learning,5,2022-03-10 20:00:00,2022-03-11 00:00:00,2022-03-10 22:00:00,2022-03-10 22:00:00,0.0,0.0,2.52096045987647,2.337350845336914,-0.18360961453955582,0.18360961453955582,-7.283319887871344,7.283319887871344,2.337350845336914,0.0,-0.18360961453955582,0.18360961453955582,0.27021418454033364,0.15132488699780403,-0.10968810203362206,0.8457091607076015,25
2021_E03,2021,3,10,LSTM,LSTM,Deep learning recurrente,6,2022-03-10 20:00:00,2022-03-11 00:00:00,2022-03-10 22:00:00,2022-03-10 21:50:00,-10.0,10.0,2.52096045987647,2.4184756437954955,-0.10248481608097437,0.10248481608097437,-4.065308350214912,4.065308350214912,2.232508353181374,0.0,-0.2884521066950958,0.2884521066950958,0.08089110005081931,0.05331888009586858,-0.006546331111159891,0.9861730835548215,25
2021_E04,2021,4,10,Persistencia,Persistencia,Baseline ingenuo,0,2022-03-18 15:50:00,2022-03-18 19:50:00,2022-03-18 17:50:00,2022-03-18 18:00:00,10.0,10.0,1.505,1.505,0.0,0.0,0.0,0.0,0.709,0.0,-0.7959999999999999,0.7959999999999999,0.19513093040315263,0.10424,-0.008560000000000002,0.7788185508625274,25
2021_E04,2021,4,10,Ridge_ARX_local,Ridge-ARX,ML lineal ARX,1,2022-03-18 15:50:00,2022-03-18 19:50:00,2022-03-18 17:50:00,2022-03-18 18:00:00,10.0,10.0,1.505,1.852238116426536,0.3472381164265361,0.3472381164265361,23.072300094786456,23.072300094786456,0.9692972637418488,0.0,-0.5357027362581511,0.5357027362581511,0.14814124751356436,0.07495753814444407,0.008216370675451223,0.8725181187698532,25
2021_E04,2021,4,10,GradientBoosting_ARX,Gradient Boosting-ARX,ML no lineal ARX,2,2022-03-18 15:50:00,2022-03-18 19:50:00,2022-03-18 17:50:00,2022-03-18 18:00:00,10.0,10.0,1.505,1.6566020334049272,0.15160203340492728,0.15160203340492728,10.073224810958624,10.073224810958624,1.032383019469225,0.0,-0.47261698053077494,0.47261698053077494,0.12152740327492118,0.06806098951538914,0.008457241593563328,0.9142083728165905,25
2021_E04,2021,4,10,ARIMA_selected,ARIMA,Estadistico,3,2022-03-18 15:50:00,2022-03-18 19:50:00,2022-03-18 17:50:00,2022-03-18 18:00:00,10.0,10.0,1.505,1.7722879749733664,0.26728797497336654,0.26728797497336654,17.759998337100768,17.759998337100768,0.8074414646314433,0.0,-0.6975585353685566,0.6975585353685566,0.17599089313286195,0.08260905473593323,-0.017526900468199772,0.820081070221484,25
2021_E04,2021,4,10,SARIMAX_lagged_exog_selected,SARIMAX,Estadistico con exogenas,4,2022-03-18 15:50:00,2022-03-18 19:50:00,2022-03-18 17:50:00,2022-03-18 18:00:00,10.0,10.0,1.505,1.6501026128648155,0.14510261286481563,0.14510261286481563,9.641369625569144,9.641369625569144,0.8366859159144985,0.0,-0.6683140840855014,0.6683140840855014,0.14932373026941798,0.06317708219000334,-0.016595350140284352,0.8704748423373084,25
2021_E04,2021,4,10,NBEATS,N-BEATS,Deep learning,5,2022-03-18 15:50:00,2022-03-18 19:50:00,2022-03-18 17:50:00,2022-03-18 18:00:00,10.0,10.0,1.505,1.6818915605545044,0.1768915605545045,0.1768915605545045,11.753592063422227,11.753592063422227,1.2512519359588623,0.0,-0.2537480640411376,0.2537480640411376,0.08608498062350531,0.0514677082490921,-0.0088999631071091,0.9569521723147294,25
2021_E04,2021,4,10,LSTM,LSTM,Deep learning recurrente,6,2022-03-18 15:50:00,2022-03-18 19:50:00,2022-03-18 17:50:00,2022-03-18 18:00:00,10.0,10.0,1.505,1.6188488336772568,0.11384883367725696,0.11384883367725696,7.564706556628369,7.564706556628369,1.0941890935252472,0.0,-0.4108109064747527,0.4108109064747527,0.1120351649143142,0.05694633619104024,0.016814020494788483,0.9270869636614538,25
2021_E05,2021,5,10,Persistencia,Persistencia,Baseline ingenuo,0,2022-02-21 14:00:00,2022-02-21 18:00:00,2022-02-21 16:00:00,2022-02-21 16:10:00,10.0,10.0,1.17999934653347,1.17999934653347,0.0,0.0,0.0,0.0,1.06438424292872,0.0,-0.11561510360474991,0.11561510360474991,0.10482998533741017,0.07799577949012239,-0.007690438745102721,0.9093370578542554,25
2021_E05,2021,5,10,Ridge_ARX_local,Ridge-ARX,ML lineal ARX,1,2022-02-21 14:00:00,2022-02-21 18:00:00,2022-02-21 16:00:00,2022-02-21 16:10:00,10.0,10.0,1.17999934653347,1.165722922920272,-0.01427642361319803,0.01427642361319803,-1.209867077904614,1.209867077904614,1.1001143402492035,0.0,-0.07988500628426642,0.07988500628426642,0.07022027794209502,0.05131159621234906,0.00777236246107598,0.9593197281375797,25
2021_E05,2021,5,10,GradientBoosting_ARX,Gradient Boosting-ARX,ML no lineal ARX,2,2022-02-21 14:00:00,2022-02-21 18:00:00,2022-02-21 16:00:00,2022-02-21 16:10:00,10.0,10.0,1.17999934653347,1.4488186697675849,0.26881932323411495,0.26881932323411495,22.781311195115144,22.781311195115144,1.2995832884281118,0.0,0.11958394189464183,0.11958394189464183,0.12337457062473586,0.08539188991619269,0.05765081620234335,0.8744230106641344,25
2021_E05,2021,5,10,ARIMA_selected,ARIMA,Estadistico,3,2022-02-21 14:00:00,2022-02-21 18:00:00,2022-02-21 16:00:00,2022-02-21 16:10:00,10.0,10.0,1.17999934653347,1.1878309089577874,0.007831562424317484,0.007831562424317484,0.6636920984172212,0.6636920984172212,1.0830136583398575,0.0,-0.09698568819361242,0.09698568819361242,0.08433063945669347,0.05137223798896181,-0.02060424791021168,0.9413281820185928,25
2021_E05,2021,5,10,SARIMAX_lagged_exog_selected,SARIMAX,Estadistico con exogenas,4,2022-02-21 14:00:00,2022-02-21 18:00:00,2022-02-21 16:00:00,2022-02-21 16:10:00,10.0,10.0,1.17999934653347,1.116015098588144,-0.06398424794532587,0.06398424794532587,-5.422396896514806,5.422396896514806,1.0900638189073557,0.0,-0.08993552762611423,0.08993552762611423,0.09052572974661673,0.05626553502934892,-0.020069982357130388,0.9323912623345401,25
2021_E05,2021,5,10,NBEATS,N-BEATS,Deep learning,5,2022-02-21 14:00:00,2022-02-21 18:00:00,2022-02-21 16:00:00,2022-02-21 16:10:00,10.0,10.0,1.17999934653347,1.1963846683502195,0.016385321816749565,0.016385321816749565,1.3885873636189174,1.3885873636189174,1.1234503984451294,0.0,-0.056548948088340545,0.056548948088340545,0.09735343380762988,0.06506857233726228,0.01812634573784411,0.9218081826722182,25
2021_E05,2021,5,10,LSTM,LSTM,Deep learning recurrente,6,2022-02-21 14:00:00,2022-02-21 18:00:00,2022-02-21 16:00:00,2022-02-21 15:40:00,-20.0,20.0,1.17999934653347,1.1461419156834394,-0.03385743085003057,0.03385743085003057,-2.8692753898122794,2.8692753898122794,1.0583520378900488,0.0,-0.1216473086434211,0.1216473086434211,0.07312388299706953,0.04985822649309221,0.01475945530622098,0.9558859177584825,25
2025_E01,2025,1,10,Persistencia,Persistencia,Baseline ingenuo,0,2026-03-16 14:00:00,2026-03-16 18:00:00,2026-03-16 16:00:00,2026-03-16 16:10:00,10.0,10.0,3.3,3.3,0.0,0.0,0.0,0.0,3.1,0.0,-0.19999999999999973,0.19999999999999973,0.1971801207018598,0.16399999999999998,0.027999999999999997,0.8758398691975576,25
2025_E01,2025,1,10,Ridge_ARX_local,Ridge-ARX,ML lineal ARX,1,2026-03-16 14:00:00,2026-03-16 18:00:00,2026-03-16 16:00:00,2026-03-16 16:10:00,10.0,10.0,3.3,3.458626939820441,0.15862693982044096,0.15862693982044096,4.806876964255787,4.806876964255787,3.260539392874588,0.0,-0.03946060712541177,0.03946060712541177,0.14362540425605325,0.10886264934211731,0.025782560147727968,0.9341253329212289,25
2025_E01,2025,1,10,GradientBoosting_ARX,Gradient Boosting-ARX,ML no lineal ARX,2,2026-03-16 14:00:00,2026-03-16 18:00:00,2026-03-16 16:00:00,2026-03-16 15:40:00,-20.0,20.0,3.3,2.303818925804256,-0.9961810741957438,0.9961810741957438,-30.1873052786589,30.1873052786589,2.23821737593952,0.0,-1.0617826240604797,1.0617826240604797,0.4839598697991803,0.335005758457531,-0.3231849702529037,0.2520464847608781,25
2025_E01,2025,1,10,ARIMA_selected,ARIMA,Estadistico,3,2026-03-16 14:00:00,2026-03-16 18:00:00,2026-03-16 16:00:00,2026-03-16 16:10:00,10.0,10.0,3.3,3.278376878146404,-0.021623121853595606,0.021623121853595606,-0.6552461167756245,0.6552461167756245,3.12046331356805,0.0,-0.17953668643194964,0.17953668643194964,0.14038578972637641,0.09422620421821608,-0.043552068482426334,0.9370635555619831,25
2025_E01,2025,1,10,SARIMAX_lagged_exog_selected,SARIMAX,Estadistico con exogenas,4,2026-03-16 14:00:00,2026-03-16 18:00:00,2026-03-16 16:00:00,2026-03-16 16:10:00,10.0,10.0,3.3,3.2378337541571667,-0.062166245842833145,0.062166245842833145,-1.8838256316010045,1.8838256316010045,3.1528452904370203,0.0,-0.1471547095629795,0.1471547095629795,0.1481301445696441,0.11272896615694913,-0.026204893431159445,0.9299282766707213,25
2025_E01,2025,1,10,NBEATS,N-BEATS,Deep learning,5,2026-03-16 14:00:00,2026-03-16 18:00:00,2026-03-16 16:00:00,2026-03-16 16:10:00,10.0,10.0,3.3,3.709043979644776,0.409043979644776,0.409043979644776,12.39527211044776,12.39527211044776,3.660619974136353,0.0,0.36061997413635316,0.36061997413635316,0.23695813526533377,0.18433697319030767,0.07665395164489755,0.8206922123099142,25
2025_E01,2025,1,10,LSTM,LSTM,Deep learning recurrente,6,2026-03-16 14:00:00,2026-03-16 18:00:00,2026-03-16 16:00:00,2026-03-16 16:00:00,0.0,0.0,3.3,3.135450291633606,-0.16454970836639404,0.16454970836639404,-4.986354798981638,4.986354798981638,3.135450291633606,0.0,-0.16454970836639404,0.16454970836639404,0.16225649141990134,0.1059127007961273,-0.08349200558662406,0.9159263182181472,25
2025_E02,2025,2,10,Persistencia,Persistencia,Baseline ingenuo,0,2026-03-03 14:10:00,2026-03-03 18:10:00,2026-03-03 16:10:00,2026-03-03 16:20:00,10.0,10.0,2.6,2.6,0.0,0.0,0.0,0.0,2.0,0.0,-0.6000000000000001,0.6000000000000001,0.2638181191654584,0.1552,-0.0096,0.8345378470901483,25
2025_E02,2025,2,10,Ridge_ARX_local,Ridge-ARX,ML lineal ARX,1,2026-03-03 14:10:00,2026-03-03 18:10:00,2026-03-03 16:10:00,2026-03-03 16:20:00,10.0,10.0,2.6,2.8313346436663065,0.2313346436663064,0.2313346436663064,8.897486294857938,8.897486294857938,2.361354583277284,0.0,-0.2386454167227159,0.2386454167227159,0.1868254525375848,0.11068210011447074,-0.0017904725202032878,0.9170222762555312,25
2025_E02,2025,2,10,GradientBoosting_ARX,Gradient Boosting-ARX,ML no lineal ARX,2,2026-03-03 14:10:00,2026-03-03 18:10:00,2026-03-03 16:10:00,2026-03-03 16:20:00,10.0,10.0,2.6,2.1742592482452463,-0.4257407517547538,0.4257407517547538,-16.37464429825976,16.37464429825976,2.1709816480748536,0.0,-0.4290183519251465,0.4290183519251465,0.18653462740218865,0.10822671938228648,-0.06639620645591916,0.9172804126567293,25
2025_E02,2025,2,10,ARIMA_selected,ARIMA,Estadistico,3,2026-03-03 14:10:00,2026-03-03 18:10:00,2026-03-03 16:10:00,2026-03-03 16:20:00,10.0,10.0,2.6,2.7690119380602023,0.1690119380602022,0.1690119380602022,6.500459156161623,6.500459156161623,2.316937461238942,0.0,-0.28306253876105814,0.28306253876105814,0.17976506230520342,0.09516235218682921,-0.02822325912829078,0.9231754525827461,25
2025_E02,2025,2,10,SARIMAX_lagged_exog_selected,SARIMAX,Estadistico con exogenas,4,2026-03-03 14:10:00,2026-03-03 18:10:00,2026-03-03 16:10:00,2026-03-03 16:20:00,10.0,10.0,2.6,2.5910557676392267,-0.008944232360773352,0.008944232360773352,-0.3440089369528212,0.3440089369528212,2.374874032742623,0.0,-0.2251259672573771,0.2251259672573771,0.15095381160567045,0.09152468494671001,-0.025197270149428016,0.9458276596655566,25
2025_E02,2025,2,10,NBEATS,N-BEATS,Deep learning,5,2026-03-03 14:10:00,2026-03-03 18:10:00,2026-03-03 16:10:00,2026-03-03 16:10:00,0.0,0.0,2.6,3.045819044113159,0.4458190441131591,0.4458190441131591,17.14688631204458,17.14688631204458,3.045819044113159,0.0,0.4458190441131591,0.4458190441131591,0.15674648395997287,0.10016584863662718,0.04669794321060177,0.9415902904293124,25
2025_E02,2025,2,10,LSTM,LSTM,Deep learning recurrente,6,2026-03-03 14:10:00,2026-03-03 18:10:00,2026-03-03 16:10:00,2026-03-03 16:20:00,10.0,10.0,2.6,2.8496474385261537,0.24964743852615356,0.24964743852615356,9.601824558698214,9.601824558698214,2.379956698417664,0.0,-0.22004330158233598,0.22004330158233598,0.17276101164769378,0.08999681259989742,-0.029545032829046157,0.9290453424649711,25
2025_E03,2025,3,10,Persistencia,Persistencia,Baseline ingenuo,0,2026-02-24 15:50:00,2026-02-24 19:50:00,2026-02-24 17:50:00,2026-02-24 18:00:00,10.0,10.0,2.3,2.3,0.0,0.0,0.0,0.0,1.7,0.0,-0.5999999999999999,0.5999999999999999,0.275317997958724,0.1328,-0.007199999999999997,0.6899387665878669,25
2025_E03,2025,3,10,Ridge_ARX_local,Ridge-ARX,ML lineal ARX,1,2026-02-24 15:50:00,2026-02-24 19:50:00,2026-02-24 17:50:00,2026-02-24 18:00:00,10.0,10.0,2.3,2.4407119771365604,0.14071197713656058,0.14071197713656058,6.117912049415678,6.117912049415678,2.1500241950275294,0.0,-0.14997580497247043,0.14997580497247043,0.2203652446232951,0.09530829289768354,0.0033813442688596807,0.8013610254915955,25
2025_E03,2025,3,10,GradientBoosting_ARX,Gradient Boosting-ARX,ML no lineal ARX,2,2026-02-24 15:50:00,2026-02-24 19:50:00,2026-02-24 17:50:00,2026-02-24 18:00:00,10.0,10.0,2.3,2.1135963977767505,-0.18640360222324937,0.18640360222324937,-8.104504444489104,8.104504444489104,1.9654378680743847,0.0,-0.3345621319256151,0.3345621319256151,0.18828672138946773,0.08178691903102356,-0.028165336324356253,0.8549834225573595,25
2025_E03,2025,3,10,ARIMA_selected,ARIMA,Estadistico,3,2026-02-24 15:50:00,2026-02-24 19:50:00,2026-02-24 17:50:00,2026-02-24 18:00:00,10.0,10.0,2.3,2.4584847699328907,0.15848476993289085,0.15848476993289085,6.890642170995255,6.890642170995255,2.191346361289898,0.0,-0.10865363871010203,0.10865363871010203,0.23528497084215327,0.08208825647423018,-0.020831838815212764,0.7735529650681541,25
2025_E03,2025,3,10,SARIMAX_lagged_exog_selected,SARIMAX,Estadistico con exogenas,4,2026-02-24 15:50:00,2026-02-24 19:50:00,2026-02-24 17:50:00,2026-02-24 18:00:00,10.0,10.0,2.3,2.269783738222196,-0.030216261777803677,0.030216261777803677,-1.3137505120784208,1.3137505120784208,1.9859051349085317,0.0,-0.3140948650914681,0.3140948650914681,0.2199615971943832,0.10704612354786214,-0.018458446248236126,0.8020880609887006,25
2025_E03,2025,3,10,NBEATS,N-BEATS,Deep learning,5,2026-02-24 15:50:00,2026-02-24 19:50:00,2026-02-24 17:50:00,2026-02-24 18:00:00,10.0,10.0,2.3,2.2303991317749023,-0.06960086822509748,0.06960086822509748,-3.0261247054390212,3.0261247054390212,1.8670151233673096,0.0,-0.43298487663269025,0.43298487663269025,0.2502723080851414,0.12201441869735717,-0.016061890506744406,0.7437854067256293,25
2025_E03,2025,3,10,LSTM,LSTM,Deep learning recurrente,6,2026-02-24 15:50:00,2026-02-24 19:50:00,2026-02-24 17:50:00,2026-02-24 18:00:00,10.0,10.0,2.3,2.4294723510742187,0.12947235107421884,0.12947235107421884,5.62923265540082,5.62923265540082,1.9145863175392157,0.0,-0.3854136824607841,0.3854136824607841,0.19961409625255486,0.09067630988359447,-0.003929722869396138,0.8370101056125654,25
2025_E04,2025,4,10,Persistencia,Persistencia,Baseline ingenuo,0,2026-03-08 16:50:00,2026-03-08 20:50:00,2026-03-08 18:50:00,2026-03-08 19:00:00,10.0,10.0,2.2,2.2,0.0,0.0,0.0,0.0,0.55,0.0,-1.6500000000000001,1.6500000000000001,0.3428410710518797,0.12360000000000003,-0.009200000000000003,0.5827549504275678,25
2025_E04,2025,4,10,Ridge_ARX_local,Ridge-ARX,ML lineal ARX,1,2026-03-08 16:50:00,2026-03-08 20:50:00,2026-03-08 18:50:00,2026-03-08 19:00:00,10.0,10.0,2.2,2.945905148295455,0.7459051482954546,0.7459051482954546,33.90477946797521,33.90477946797521,0.8238427585543009,0.0,-1.3761572414456993,1.3761572414456993,0.33910673116768314,0.146003416891798,0.015413686782904628,0.5917949931615285,25
2025_E04,2025,4,10,GradientBoosting_ARX,Gradient Boosting-ARX,ML no lineal ARX,2,2026-03-08 16:50:00,2026-03-08 20:50:00,2026-03-08 18:50:00,2026-03-08 19:00:00,10.0,10.0,2.2,2.0590093448425195,-0.14099065515748066,0.14099065515748066,-6.408666143521848,6.408666143521848,0.6587942806954916,0.0,-1.5412057193045086,1.5412057193045086,0.3157347634354796,0.10771196836303004,-0.0570541714285782,0.6461246516864372,25
2025_E04,2025,4,10,ARIMA_selected,ARIMA,Estadistico,3,2026-03-08 16:50:00,2026-03-08 20:50:00,2026-03-08 18:50:00,2026-03-08 19:00:00,10.0,10.0,2.2,2.95398227136124,0.7539822713612399,0.7539822713612399,34.2719214255109,34.2719214255109,0.5528138774070229,0.0,-1.6471861225929771,1.6471861225929771,0.3727160491857218,0.1192094050467564,-0.02265864449529483,0.5068696933109967,25
2025_E04,2025,4,10,SARIMAX_lagged_exog_selected,SARIMAX,Estadistico con exogenas,4,2026-03-08 16:50:00,2026-03-08 20:50:00,2026-03-08 18:50:00,2026-03-08 19:00:00,10.0,10.0,2.2,2.65550573203764,0.4555057320376399,0.4555057320376399,20.704806001710903,20.704806001710903,0.5703830515350692,0.0,-1.629616948464931,1.629616948464931,0.3914429185404322,0.19894490870882492,-0.018237872121610973,0.45607078244042465,25
2025_E04,2025,4,10,NBEATS,N-BEATS,Deep learning,5,2026-03-08 16:50:00,2026-03-08 20:50:00,2026-03-08 18:50:00,2026-03-08 19:00:00,10.0,10.0,2.2,2.573457956314087,0.37345795631408674,0.37345795631408674,16.975361650640306,16.975361650640306,1.2535111904144287,0.0,-0.9464888095855715,0.9464888095855715,0.328384689391389,0.18945373706817625,0.06523497123718257,0.617200548308844,25
2025_E04,2025,4,10,LSTM,LSTM,Deep learning recurrente,6,2026-03-08 16:50:00,2026-03-08 20:50:00,2026-03-08 18:50:00,2026-03-08 19:00:00,10.0,10.0,2.2,2.280643761157989,0.08064376115798888,0.08064376115798888,3.6656255071813124,3.6656255071813124,1.5326482117176057,0.0,-0.6673517882823945,0.6673517882823945,0.26611149996417793,0.13135325309634208,0.046442435544729224,0.7486188016952748,25
2025_E05,2025,5,10,Persistencia,Persistencia,Baseline ingenuo,0,2026-02-23 15:40:00,2026-02-23 19:40:00,2026-02-23 17:40:00,2026-02-23 17:50:00,10.0,10.0,1.9,1.9,0.0,0.0,0.0,0.0,1.8,0.0,-0.09999999999999987,0.09999999999999987,0.24164436678722723,0.10399999999999998,-0.0064000000000000055,0.665792418584121,25
2025_E05,2025,5,10,Ridge_ARX_local,Ridge-ARX,ML lineal ARX,1,2026-02-23 15:40:00,2026-02-23 19:40:00,2026-02-23 17:40:00,2026-02-23 17:40:00,0.0,0.0,1.9,2.1783987604543773,0.2783987604543774,0.2783987604543774,14.652566339704075,14.652566339704075,2.1783987604543773,0.0,0.2783987604543774,0.2783987604543774,0.2361341269603194,0.09077820214289355,-0.010854375179683044,0.6808605724151211,25
2025_E05,2025,5,10,GradientBoosting_ARX,Gradient Boosting-ARX,ML no lineal ARX,2,2026-02-23 15:40:00,2026-02-23 19:40:00,2026-02-23 17:40:00,2026-02-23 17:40:00,0.0,0.0,1.9,1.8926470379444973,-0.007352962055502621,0.007352962055502621,-0.3869980029211906,0.3869980029211906,1.8926470379444973,0.0,-0.007352962055502621,0.007352962055502621,0.22620105312879984,0.07100162231806068,-0.04066311221942618,0.7071453043092005,25
2025_E05,2025,5,10,ARIMA_selected,ARIMA,Estadistico,3,2026-02-23 15:40:00,2026-02-23 19:40:00,2026-02-23 17:40:00,2026-02-23 17:40:00,0.0,0.0,1.9,2.305669908914091,0.40566990891409116,0.40566990891409116,21.35104783758375,21.35104783758375,2.305669908914091,0.0,0.40566990891409116,0.40566990891409116,0.2418899262754529,0.08401990711615123,-0.018019397335350885,0.6651128286354859,25
2025_E05,2025,5,10,SARIMAX_lagged_exog_selected,SARIMAX,Estadistico con exogenas,4,2026-02-23 15:40:00,2026-02-23 19:40:00,2026-02-23 17:40:00,2026-02-23 17:40:00,0.0,0.0,1.9,2.1317708808067133,0.23177088080671338,0.23177088080671338,12.198467410879653,12.198467410879653,2.1317708808067133,0.0,0.23177088080671338,0.23177088080671338,0.23325067835403826,0.08711321821159984,-0.017784981034020163,0.6886070485758344,25
2025_E05,2025,5,10,NBEATS,N-BEATS,Deep learning,5,2026-02-23 15:40:00,2026-02-23 19:40:00,2026-02-23 17:40:00,2026-02-23 17:40:00,0.0,0.0,1.9,1.9824419021606443,0.0824419021606444,0.0824419021606444,4.339047482139178,4.339047482139178,1.9824419021606443,0.0,0.0824419021606444,0.0824419021606444,0.22772870614248916,0.07616469302177431,-0.05015734248161317,0.7031763479492171,25
2025_E05,2025,5,10,LSTM,LSTM,Deep learning recurrente,6,2026-02-23 15:40:00,2026-02-23 19:40:00,2026-02-23 17:40:00,2026-02-23 17:50:00,10.0,10.0,1.9,1.92310311794281,0.02310311794281006,0.02310311794281006,1.2159535759373716,1.2159535759373716,1.516336089372635,0.0,-0.38366391062736493,0.38366391062736493,0.24515499982649475,0.09999585153758524,-0.034388899061083764,0.6560110778667914,25
2021_E01,2021,1,20,Persistencia,Persistencia,Baseline ingenuo,0,2022-03-23 08:00:00,2022-03-23 12:00:00,2022-03-23 10:00:00,2022-03-23 10:20:00,20.0,20.0,3.746,3.746,0.0,0.0,0.0,0.0,3.301,0.0,-0.44499999999999984,0.44499999999999984,0.794605210151557,0.6088,-0.03047999999999998,0.34888328290728443,25
2021_E01,2021,1,20,Ridge_ARX_local,Ridge-ARX,ML lineal ARX,1,2022-03-23 08:00:00,2022-03-23 12:00:00,2022-03-23 10:00:00,2022-03-23 10:10:00,10.0,10.0,3.746,4.756491084577813,1.0104910845778128,1.0104910845778128,26.97520247137781,26.97520247137781,4.741232883106031,0.0,0.9952328831060311,0.9952328831060311,0.6186480780309118,0.4924731344198119,0.09176316374806177,0.6053215943685046,25
2021_E01,2021,1,20,GradientBoosting_ARX,Gradient Boosting-ARX,ML no lineal ARX,2,2022-03-23 08:00:00,2022-03-23 12:00:00,2022-03-23 10:00:00,2022-03-23 09:50:00,-10.0,10.0,3.746,2.117772908735711,-1.6282270912642889,1.6282270912642889,-43.46575256978881,43.46575256978881,2.111426464195422,0.0,-1.634573535804578,1.634573535804578,0.7989625152523536,0.5247402241052987,-0.4215854950276741,0.34172276351934383,25
2021_E01,2021,1,20,ARIMA_selected,ARIMA,Estadistico,3,2022-03-23 08:00:00,2022-03-23 12:00:00,2022-03-23 10:00:00,2022-03-23 10:20:00,20.0,20.0,3.746,3.513780267132151,-0.2322197328678488,0.2322197328678488,-6.199138624341933,6.199138624341933,3.3918594025079964,0.0,-0.35414059749200355,0.35414059749200355,0.692267731487566,0.4582163365536773,-0.1545409071527265,0.5057983331053438,25
2021_E01,2021,1,20,SARIMAX_lagged_exog_selected,SARIMAX,Estadistico con exogenas,4,2022-03-23 08:00:00,2022-03-23 12:00:00,2022-03-23 10:00:00,2022-03-23 10:10:00,10.0,10.0,3.746,3.820939153771099,0.07493915377109905,0.07493915377109905,2.0005113126294463,2.0005113126294463,3.4796856039038038,0.0,-0.2663143960961962,0.2663143960961962,0.6361943279126,0.41346457748852344,-0.13528491425732536,0.5826161750997204,25
2021_E01,2021,1,20,NBEATS,N-BEATS,Deep learning,5,2022-03-23 08:00:00,2022-03-23 12:00:00,2022-03-23 10:00:00,2022-03-23 10:00:00,0.0,0.0,3.746,4.402754783630371,0.6567547836303711,0.6567547836303711,17.532161869470666,17.532161869470666,4.402754783630371,0.0,0.6567547836303711,0.6567547836303711,0.5055773584177237,0.40607989538192757,0.13183844873428346,0.7364085847159733,25
2021_E01,2021,1,20,LSTM,LSTM,Deep learning recurrente,6,2022-03-23 08:00:00,2022-03-23 12:00:00,2022-03-23 10:00:00,2022-03-23 10:00:00,0.0,0.0,3.746,3.983549345695295,0.23754934569529507,0.23754934569529507,6.341413392826884,6.341413392826884,3.983549345695295,0.0,0.23754934569529507,0.23754934569529507,0.5097025931209602,0.3579902779406877,-0.13302179404359488,0.7320895121381742,25
2021_E02,2021,2,20,Persistencia,Persistencia,Baseline ingenuo,0,2022-03-22 16:50:00,2022-03-22 20:50:00,2022-03-22 18:50:00,2022-03-22 19:10:00,20.0,20.0,3.705,3.705,0.0,0.0,0.0,0.0,3.118,0.0,-0.5870000000000002,0.5870000000000002,0.8587717741053207,0.5233599999999999,-0.05111999999999997,0.5412721195364102,25
2021_E02,2021,2,20,Ridge_ARX_local,Ridge-ARX,ML lineal ARX,1,2022-03-22 16:50:00,2022-03-22 20:50:00,2022-03-22 18:50:00,2022-03-22 18:50:00,0.0,0.0,3.705,4.808908346790472,1.1039083467904716,1.1039083467904716,29.795097079364954,29.795097079364954,4.808908346790472,0.0,1.1039083467904716,1.1039083467904716,0.40446748322712267,0.28649489403988126,0.116015212166674,0.898242404006888,25
2021_E02,2021,2,20,GradientBoosting_ARX,Gradient Boosting-ARX,ML no lineal ARX,2,2022-03-22 16:50:00,2022-03-22 20:50:00,2022-03-22 18:50:00,2022-03-22 18:50:00,0.0,0.0,3.705,2.070190491882397,-1.6348095081176033,1.6348095081176033,-44.12441317456419,44.12441317456419,2.070190491882397,0.0,-1.6348095081176033,1.6348095081176033,0.8413638872410836,0.5136106878003085,-0.42247159615000796,0.5596810791731348,25
2021_E02,2021,2,20,ARIMA_selected,ARIMA,Estadistico,3,2022-03-22 16:50:00,2022-03-22 20:50:00,2022-03-22 18:50:00,2022-03-22 18:50:00,0.0,0.0,3.705,3.669720692244208,-0.03527930775579202,0.03527930775579202,-0.9522080365935768,0.9522080365935768,3.669720692244208,0.0,-0.03527930775579202,0.03527930775579202,0.7101410909640912,0.3630002498691297,-0.13236414845586494,0.6863185051297743,25
2021_E02,2021,2,20,SARIMAX_lagged_exog_selected,SARIMAX,Estadistico con exogenas,4,2022-03-22 16:50:00,2022-03-22 20:50:00,2022-03-22 18:50:00,2022-03-22 19:00:00,10.0,10.0,3.705,3.7277093066023386,0.022709306602338497,0.022709306602338497,0.6129367504004992,0.6129367504004992,3.4883478433718427,0.0,-0.2166521566281574,0.2166521566281574,0.6514030024143613,0.36141377404405384,-0.11622840786645217,0.7360636996057056,25
2021_E02,2021,2,20,NBEATS,N-BEATS,Deep learning,5,2022-03-22 16:50:00,2022-03-22 20:50:00,2022-03-22 18:50:00,2022-03-22 18:50:00,0.0,0.0,3.705,3.7121694087982178,0.007169408798217702,0.007169408798217702,0.19350631034325783,0.19350631034325783,3.7121694087982178,0.0,0.007169408798217702,0.007169408798217702,0.3131807478868833,0.20042069801092147,-0.10281342989206312,0.9389915871673725,25
2021_E02,2021,2,20,LSTM,LSTM,Deep learning recurrente,6,2022-03-22 16:50:00,2022-03-22 20:50:00,2022-03-22 18:50:00,2022-03-22 18:50:00,0.0,0.0,3.705,3.941952435835366,0.23695243583536607,0.23695243583536607,6.395477350482215,6.395477350482215,3.941952435835366,0.0,0.23695243583536607,0.23695243583536607,0.5088643722247078,0.3276382221347329,-0.04315312867886652,0.8389340630910705,25
2021_E03,2021,3,20,Persistencia,Persistencia,Baseline ingenuo,0,2022-03-10 20:00:00,2022-03-11 00:00:00,2022-03-10 22:00:00,2022-03-10 22:20:00,20.0,20.0,2.52096045987647,2.52096045987647,0.0,0.0,0.0,0.0,1.80724611071234,0.0,-0.7137143491641298,0.7137143491641298,0.4960225392256568,0.33113903973372943,-0.0234534997962565,0.4800917871144309,25
2021_E03,2021,3,20,Ridge_ARX_local,Ridge-ARX,ML lineal ARX,1,2022-03-10 20:00:00,2022-03-11 00:00:00,2022-03-10 22:00:00,2022-03-10 22:10:00,10.0,10.0,2.52096045987647,2.987063333794331,0.466102873917861,0.466102873917861,18.48909895003671,18.48909895003671,2.6310987077103154,0.0,0.11013824783384552,0.11013824783384552,0.27267428254399356,0.16542293796414037,0.0691611943111787,0.8428869666063667,25
2021_E03,2021,3,20,GradientBoosting_ARX,Gradient Boosting-ARX,ML no lineal ARX,2,2022-03-10 20:00:00,2022-03-11 00:00:00,2022-03-10 22:00:00,2022-03-10 22:00:00,0.0,0.0,2.52096045987647,1.9769549145414431,-0.5440055453350268,0.5440055453350268,-21.579297017680464,21.579297017680464,1.9769549145414431,0.0,-0.5440055453350268,0.5440055453350268,0.2918360594269837,0.15694617646721742,-0.106387033994348,0.8200293187785657,25
2021_E03,2021,3,20,ARIMA_selected,ARIMA,Estadistico,3,2022-03-10 20:00:00,2022-03-11 00:00:00,2022-03-10 22:00:00,2022-03-10 22:10:00,10.0,10.0,2.52096045987647,2.5858516061083434,0.06489114623187353,0.06489114623187353,2.5740644196796834,2.5740644196796834,2.061129142599981,0.0,-0.45983131727648896,0.45983131727648896,0.4129937652772733,0.2295319798285518,-0.08778764482046768,0.6395783701063218,25
2021_E03,2021,3,20,SARIMAX_lagged_exog_selected,SARIMAX,Estadistico con exogenas,4,2022-03-10 20:00:00,2022-03-11 00:00:00,2022-03-10 22:00:00,2022-03-10 22:10:00,10.0,10.0,2.52096045987647,2.5911694376007643,0.07020897772429446,0.07020897772429446,2.785009080536503,2.785009080536503,2.081099929235112,0.0,-0.4398605306413579,0.4398605306413579,0.3958373102386243,0.2312509035220521,-0.07605340472977988,0.6689014268330977,25
2021_E03,2021,3,20,NBEATS,N-BEATS,Deep learning,5,2022-03-10 20:00:00,2022-03-11 00:00:00,2022-03-10 22:00:00,2022-03-10 22:10:00,10.0,10.0,2.52096045987647,1.9725648164749143,-0.5483956434015556,0.5483956434015556,-21.753440886114795,21.753440886114795,1.9314810037612915,0.0,-0.5894794561151784,0.5894794561151784,0.3510203590872751,0.1837241529315003,-0.1372155046730111,0.7396314840025301,25
2021_E03,2021,3,20,LSTM,LSTM,Deep learning recurrente,6,2022-03-10 20:00:00,2022-03-11 00:00:00,2022-03-10 22:00:00,2022-03-10 22:00:00,0.0,0.0,2.52096045987647,2.515607912133372,-0.005352547743097791,0.005352547743097791,-0.21232176498952593,0.21232176498952593,2.515607912133372,0.0,-0.005352547743097791,0.005352547743097791,0.09755343436381043,0.07317555161956206,-0.020687975693789742,0.9798901430128047,25
2021_E04,2021,4,20,Persistencia,Persistencia,Baseline ingenuo,0,2022-03-18 15:50:00,2022-03-18 19:50:00,2022-03-18 17:50:00,2022-03-18 18:10:00,20.0,20.0,1.505,1.505,0.0,0.0,0.0,0.0,0.412,0.0,-1.093,1.093,0.32445486589046557,0.20095999999999997,-0.018400000000000014,0.38848790408852685,25
2021_E04,2021,4,20,Ridge_ARX_local,Ridge-ARX,ML lineal ARX,1,2022-03-18 15:50:00,2022-03-18 19:50:00,2022-03-18 17:50:00,2022-03-18 18:10:00,20.0,20.0,1.505,1.8628966775864295,0.3578966775864296,0.3578966775864296,23.7805101386332,23.7805101386332,0.7916979916809019,0.0,-0.713302008319098,0.713302008319098,0.22142323982251844,0.11808952168567696,0.012763795954730166,0.7151981077258063,25
2021_E04,2021,4,20,GradientBoosting_ARX,Gradient Boosting-ARX,ML no lineal ARX,2,2022-03-18 15:50:00,2022-03-18 19:50:00,2022-03-18 17:50:00,2022-03-18 18:10:00,20.0,20.0,1.505,1.4682932837830769,-0.03670671621692301,0.03670671621692301,-2.4389844662407314,2.4389844662407314,0.7665674259050981,0.0,-0.7384325740949018,0.7384325740949018,0.17621538533493075,0.09379008541230986,0.005264635237940021,0.8196217719383623,25
2021_E04,2021,4,20,ARIMA_selected,ARIMA,Estadistico,3,2022-03-18 15:50:00,2022-03-18 19:50:00,2022-03-18 17:50:00,2022-03-18 18:10:00,20.0,20.0,1.505,1.8065629849100453,0.3015629849100454,0.3015629849100454,20.037407635218965,20.037407635218965,0.4051395869226025,0.0,-1.0998604130773975,1.0998604130773975,0.30310049025560276,0.16061502539179195,-0.04222051551495002,0.46633374010365114,25
2021_E04,2021,4,20,SARIMAX_lagged_exog_selected,SARIMAX,Estadistico con exogenas,4,2022-03-18 15:50:00,2022-03-18 19:50:00,2022-03-18 17:50:00,2022-03-18 18:10:00,20.0,20.0,1.505,1.5609157100850783,0.05591571008507845,0.05591571008507845,3.715329573759366,3.715329573759366,0.5196752282689352,0.0,-0.9853247717310647,0.9853247717310647,0.26214688656536406,0.14024780809150142,-0.039673167116948946,0.6008042796311124,25
2021_E04,2021,4,20,NBEATS,N-BEATS,Deep learning,5,2022-03-18 15:50:00,2022-03-18 19:50:00,2022-03-18 17:50:00,2022-03-18 18:00:00,10.0,10.0,1.505,1.7204357385635376,0.2154357385635377,0.2154357385635377,14.314667014188553,14.314667014188553,1.281638264656067,0.0,-0.223361735343933,0.223361735343933,0.11703106235587878,0.07458295243263241,0.05439790764808652,0.9204392692681145,25
2021_E04,2021,4,20,LSTM,LSTM,Deep learning recurrente,6,2022-03-18 15:50:00,2022-03-18 19:50:00,2022-03-18 17:50:00,2022-03-18 18:10:00,20.0,20.0,1.505,1.597058115971046,0.09205811597104607,0.09205811597104607,6.116818336946583,6.116818336946583,1.1048598379938797,0.0,-0.40014016200612024,0.40014016200612024,0.14119079462989853,0.07442499394952273,0.023811481542445896,0.8841998202674921,25
2021_E05,2021,5,20,Persistencia,Persistencia,Baseline ingenuo,0,2022-02-21 14:00:00,2022-02-21 18:00:00,2022-02-21 16:00:00,2022-02-21 16:20:00,20.0,20.0,1.17999934653347,1.17999934653347,0.0,0.0,0.0,0.0,0.937218205983395,0.0,-0.24278114055007494,0.24278114055007494,0.19048272894511625,0.1543569640016422,-0.016244909196004763,0.7006564070835605,25
2021_E05,2021,5,20,Ridge_ARX_local,Ridge-ARX,ML lineal ARX,1,2022-02-21 14:00:00,2022-02-21 18:00:00,2022-02-21 16:00:00,2022-02-21 16:20:00,20.0,20.0,1.17999934653347,1.099598371728433,-0.08040097480503694,0.08040097480503694,-6.813645705926364,6.813645705926364,0.9856746370847488,0.0,-0.19432470944872116,0.19432470944872116,0.10957016100586114,0.09128718833171134,0.012150352362745385,0.9009525365512417,25
2021_E05,2021,5,20,GradientBoosting_ARX,Gradient Boosting-ARX,ML no lineal ARX,2,2022-02-21 14:00:00,2022-02-21 18:00:00,2022-02-21 16:00:00,2022-02-21 16:20:00,20.0,20.0,1.17999934653347,1.4557136295147777,0.27571428298130773,0.27571428298130773,23.365630141345783,23.365630141345783,1.2688619787874695,0.0,0.0888626322539996,0.0888626322539996,0.1824158965627582,0.11867335192782111,0.08439346536283403,0.7254735952688759,25
2021_E05,2021,5,20,ARIMA_selected,ARIMA,Estadistico,3,2022-02-21 14:00:00,2022-02-21 18:00:00,2022-02-21 16:00:00,2022-02-21 16:20:00,20.0,20.0,1.17999934653347,1.152398228342932,-0.02760111819053801,0.02760111819053801,-2.3390791081048383,2.3390791081048383,0.8842737115629604,0.0,-0.2957256349705095,0.2957256349705095,0.15679139285274446,0.11406757741415077,-0.04896557149513722,0.7971835416292444,25
2021_E05,2021,5,20,SARIMAX_lagged_exog_selected,SARIMAX,Estadistico con exogenas,4,2022-02-21 14:00:00,2022-02-21 18:00:00,2022-02-21 16:00:00,2022-02-21 16:20:00,20.0,20.0,1.17999934653347,1.0725165334526472,-0.10748281308082275,0.10748281308082275,-9.108718017224263,9.108718017224263,0.8412144856827857,0.0,-0.33878486085068427,0.33878486085068427,0.15908822696733876,0.11566716857884934,-0.0473248290406359,0.7911979098720123,25
2021_E05,2021,5,20,NBEATS,N-BEATS,Deep learning,5,2022-02-21 14:00:00,2022-02-21 18:00:00,2022-02-21 16:00:00,2022-02-21 15:50:00,-10.0,10.0,1.17999934653347,1.3870537281036377,0.20705438157016776,0.20705438157016776,17.546991206261215,17.546991206261215,1.198471188545227,0.0,0.01847184201175711,0.01847184201175711,0.1564341592568955,0.10886834130041717,0.07743049161043705,0.7981066830478467,25
2021_E05,2021,5,20,LSTM,LSTM,Deep learning recurrente,6,2022-02-21 14:00:00,2022-02-21 18:00:00,2022-02-21 16:00:00,2022-02-21 15:40:00,-20.0,20.0,1.17999934653347,1.2397373545032513,0.05973800796978135,0.05973800796978135,5.062545851849497,5.062545851849497,1.0800628351276051,0.0,-0.09993651140586479,0.09993651140586479,0.10000957971444337,0.07542679034513884,0.011964374101866954,0.9174832788500481,25
2025_E01,2025,1,20,Persistencia,Persistencia,Baseline ingenuo,0,2026-03-16 14:00:00,2026-03-16 18:00:00,2026-03-16 16:00:00,2026-03-16 16:20:00,20.0,20.0,3.3,3.3,0.0,0.0,0.0,0.0,2.8,0.0,-0.5,0.5,0.37154811263145987,0.30399999999999994,0.044,0.5591548935952789,25
2025_E01,2025,1,20,Ridge_ARX_local,Ridge-ARX,ML lineal ARX,1,2026-03-16 14:00:00,2026-03-16 18:00:00,2026-03-16 16:00:00,2026-03-16 16:20:00,20.0,20.0,3.3,3.515143255298466,0.21514325529846623,0.21514325529846623,6.519492584802007,6.519492584802007,3.202917005067777,0.0,-0.09708299493222272,0.09708299493222272,0.292559086167977,0.23258512345638327,0.04654353720028782,0.7266726525194741,25
2025_E01,2025,1,20,GradientBoosting_ARX,Gradient Boosting-ARX,ML no lineal ARX,2,2026-03-16 14:00:00,2026-03-16 18:00:00,2026-03-16 16:00:00,2026-03-16 15:50:00,-10.0,10.0,3.3,2.282092092881321,-1.017907907118679,1.017907907118679,-30.845694155111484,30.845694155111484,2.19603114514836,0.0,-1.1039688548516398,1.1039688548516398,0.5876973521830046,0.48634043942618355,-0.48634043942618355,-0.10296916997584038,25
2025_E01,2025,1,20,ARIMA_selected,ARIMA,Estadistico,3,2026-03-16 14:00:00,2026-03-16 18:00:00,2026-03-16 16:00:00,2026-03-16 16:20:00,20.0,20.0,3.3,3.152161970552155,-0.14783802944784474,0.14783802944784474,-4.4799402862983255,4.4799402862983255,2.893487937986274,0.0,-0.4065120620137259,0.4065120620137259,0.2984957845224786,0.19407667175574048,-0.11422330744241185,0.715467218347821,25
2025_E01,2025,1,20,SARIMAX_lagged_exog_selected,SARIMAX,Estadistico con exogenas,4,2026-03-16 14:00:00,2026-03-16 18:00:00,2026-03-16 16:00:00,2026-03-16 16:20:00,20.0,20.0,3.3,3.182554822842817,-0.11744517715718272,0.11744517715718272,-3.5589447623388706,3.5589447623388706,2.9880964588461847,0.0,-0.31190354115381513,0.31190354115381513,0.29700758341210753,0.21352062131705737,-0.04561079968319055,0.7182973181529904,25
2025_E01,2025,1,20,NBEATS,N-BEATS,Deep learning,5,2026-03-16 14:00:00,2026-03-16 18:00:00,2026-03-16 16:00:00,2026-03-16 16:10:00,10.0,10.0,3.3,2.901027202606201,-0.39897279739379865,0.39897279739379865,-12.090084769509051,12.090084769509051,2.7853803634643555,0.0,-0.5146196365356444,0.5146196365356444,0.3473659435509909,0.2286508907318115,-0.14733275985717773,0.6146721676319196,25
2025_E01,2025,1,20,LSTM,LSTM,Deep learning recurrente,6,2026-03-16 14:00:00,2026-03-16 18:00:00,2026-03-16 16:00:00,2026-03-16 16:10:00,10.0,10.0,3.3,2.958224439620972,-0.3417755603790278,0.3417755603790278,-10.356835163000842,10.356835163000842,2.8774528980255125,0.0,-0.4225471019744873,0.4225471019744873,0.33138424716285425,0.22394995188713065,-0.21477893567085254,0.6493130340428311,25
2025_E02,2025,2,20,Persistencia,Persistencia,Baseline ingenuo,0,2026-03-03 14:10:00,2026-03-03 18:10:00,2026-03-03 16:10:00,2026-03-03 16:30:00,20.0,20.0,2.6,2.6,0.0,0.0,0.0,0.0,1.2,0.0,-1.4000000000000001,1.4000000000000001,0.4939919027676466,0.3084,-0.020399999999999995,0.41986496766831494,25
2025_E02,2025,2,20,Ridge_ARX_local,Ridge-ARX,ML lineal ARX,1,2026-03-03 14:10:00,2026-03-03 18:10:00,2026-03-03 16:10:00,2026-03-03 16:30:00,20.0,20.0,2.6,2.873915799792107,0.2739157997921069,0.2739157997921069,10.535223068927188,10.535223068927188,1.6496250695707269,0.0,-0.9503749304292732,0.9503749304292732,0.38670912889593895,0.23068926373968857,-0.011134329432768543,0.6444847128864208,25
2025_E02,2025,2,20,GradientBoosting_ARX,Gradient Boosting-ARX,ML no lineal ARX,2,2026-03-03 14:10:00,2026-03-03 18:10:00,2026-03-03 16:10:00,2026-03-03 16:20:00,10.0,10.0,2.6,2.0934266838215803,-0.5065733161784198,0.5065733161784198,-19.48358908378538,19.48358908378538,1.7631892185010232,0.0,-0.8368107814989769,0.8368107814989769,0.2962293403496162,0.16572608490648896,-0.13445045776186604,0.7913849798308085,25
2025_E02,2025,2,20,ARIMA_selected,ARIMA,Estadistico,3,2026-03-03 14:10:00,2026-03-03 18:10:00,2026-03-03 16:10:00,2026-03-03 16:30:00,20.0,20.0,2.6,2.7345062902271056,0.13450629022710547,0.13450629022710547,5.173318854888672,5.173318854888672,1.3665700294412433,0.0,-1.2334299705587568,1.2334299705587568,0.3958043185227423,0.21224721817133527,-0.06986929642284687,0.6275649996166498,25
2025_E02,2025,2,20,SARIMAX_lagged_exog_selected,SARIMAX,Estadistico con exogenas,4,2026-03-03 14:10:00,2026-03-03 18:10:00,2026-03-03 16:10:00,2026-03-03 16:30:00,20.0,20.0,2.6,2.557109182209901,-0.04289081779009907,0.04289081779009907,-1.6496468380807332,1.6496468380807332,1.5003786960050012,0.0,-1.099621303994999,1.099621303994999,0.38388123816905306,0.2219180082512154,-0.05015828793577441,0.6496652600365984,25
2025_E02,2025,2,20,NBEATS,N-BEATS,Deep learning,5,2026-03-03 14:10:00,2026-03-03 18:10:00,2026-03-03 16:10:00,2026-03-03 16:20:00,10.0,10.0,2.6,3.1482083797454834,0.5482083797454833,0.5482083797454833,21.08493768251859,21.08493768251859,2.9265666007995605,0.0,0.32656660079956046,0.32656660079956046,0.24845830065318036,0.1665003116607666,0.0727614068984985,0.8532438019126423,25
2025_E02,2025,2,20,LSTM,LSTM,Deep learning recurrente,6,2026-03-03 14:10:00,2026-03-03 18:10:00,2026-03-03 16:10:00,2026-03-03 16:30:00,20.0,20.0,2.6,2.725378155708313,0.1253781557083129,0.1253781557083129,4.822236758012035,4.822236758012035,1.706254279613495,0.0,-0.8937457203865051,0.8937457203865051,0.32266949381471216,0.16164366550445558,-0.06569745051860808,0.7524828779035695,25
2025_E03,2025,3,20,Persistencia,Persistencia,Baseline ingenuo,0,2026-02-24 15:50:00,2026-02-24 19:50:00,2026-02-24 17:50:00,2026-02-24 18:10:00,20.0,20.0,2.3,2.3,0.0,0.0,0.0,0.0,0.61,0.0,-1.69,1.69,0.46654474597834666,0.23999999999999996,-0.015200000000000005,0.10964157903141758,25
2025_E03,2025,3,20,Ridge_ARX_local,Ridge-ARX,ML lineal ARX,1,2026-02-24 15:50:00,2026-02-24 19:50:00,2026-02-24 17:50:00,2026-02-24 18:10:00,20.0,20.0,2.3,2.43598084840902,0.13598084840902036,0.13598084840902036,5.91221080039219,5.91221080039219,0.9269521361648674,0.0,-1.3730478638351324,1.3730478638351324,0.37542837989172606,0.18441677483192545,0.002614402629022967,0.4234559914787721,25
2025_E03,2025,3,20,GradientBoosting_ARX,Gradient Boosting-ARX,ML no lineal ARX,2,2026-02-24 15:50:00,2026-02-24 19:50:00,2026-02-24 17:50:00,2026-02-24 18:10:00,20.0,20.0,2.3,1.8489801272784636,-0.4510198727215362,0.4510198727215362,-19.609559683545054,19.609559683545054,1.043499418854701,0.0,-1.2565005811452987,1.2565005811452987,0.30921604178256845,0.13551602993908102,-0.08053209737459432,0.608886958318611,25
2025_E03,2025,3,20,ARIMA_selected,ARIMA,Estadistico,3,2026-02-24 15:50:00,2026-02-24 19:50:00,2026-02-24 17:50:00,2026-02-24 18:10:00,20.0,20.0,2.3,2.4331972522792897,0.1331972522792899,0.1331972522792899,5.791184881708258,5.791184881708258,0.63796927062066,0.0,-1.6620307293793397,1.6620307293793397,0.4406349561261756,0.18511550960015977,-0.05118503404041956,0.20578852187544705,25
2025_E03,2025,3,20,SARIMAX_lagged_exog_selected,SARIMAX,Estadistico con exogenas,4,2026-02-24 15:50:00,2026-02-24 19:50:00,2026-02-24 17:50:00,2026-02-24 18:10:00,20.0,20.0,2.3,2.2410025448100064,-0.05899745518999344,0.05899745518999344,-2.5651067473910194,2.5651067473910194,0.7572563134754864,0.0,-1.5427436865245134,1.5427436865245134,0.38377930834197066,0.16793971964953566,-0.036177179826157056,0.3975217455537652,25
2025_E03,2025,3,20,NBEATS,N-BEATS,Deep learning,5,2026-02-24 15:50:00,2026-02-24 19:50:00,2026-02-24 17:50:00,2026-02-24 18:00:00,10.0,10.0,2.3,2.073542833328247,-0.22645716667175275,0.22645716667175275,-9.845963768337077,9.845963768337077,0.9073564410209656,0.0,-1.3926435589790342,1.3926435589790342,0.34896970424485874,0.1528775545120239,0.03426766357421873,0.5018573629940684,25
2025_E03,2025,3,20,LSTM,LSTM,Deep learning recurrente,6,2026-02-24 15:50:00,2026-02-24 19:50:00,2026-02-24 17:50:00,2026-02-24 18:10:00,20.0,20.0,2.3,2.3097290813922884,0.009729081392288563,0.009729081392288563,0.42300353879515495,0.42300353879515495,1.2612694203853607,0.0,-1.038730579614639,1.038730579614639,0.27975382423059825,0.12272759162187576,-0.011224330747127502,0.6798670852916913,25
2025_E04,2025,4,20,Persistencia,Persistencia,Baseline ingenuo,0,2026-03-08 16:50:00,2026-03-08 20:50:00,2026-03-08 18:50:00,2026-03-08 19:10:00,20.0,20.0,2.2,2.2,0.0,0.0,0.0,0.0,0.54,0.0,-1.6600000000000001,1.6600000000000001,0.4880778626407882,0.2372,-0.019599999999999996,0.15436348724566262,25
2025_E04,2025,4,20,Ridge_ARX_local,Ridge-ARX,ML lineal ARX,1,2026-03-08 16:50:00,2026-03-08 20:50:00,2026-03-08 18:50:00,2026-03-08 19:10:00,20.0,20.0,2.2,3.0098060548527084,0.8098060548527082,0.8098060548527082,36.80936612966855,36.80936612966855,1.175128117191596,0.0,-1.0248718828084042,1.0248718828084042,0.42841559426484044,0.23614466086272567,0.02834223797849632,0.348467554815874,25
2025_E04,2025,4,20,GradientBoosting_ARX,Gradient Boosting-ARX,ML no lineal ARX,2,2026-03-08 16:50:00,2026-03-08 20:50:00,2026-03-08 18:50:00,2026-03-08 19:10:00,20.0,20.0,2.2,1.799557771699019,-0.4004422283009812,0.4004422283009812,-18.201919468226418,18.201919468226418,0.9111656533884456,0.0,-1.2888343466115546,1.2888343466115546,0.3951152029343681,0.19121656140970078,-0.09619304232782977,0.4458172707009955,25
2025_E04,2025,4,20,ARIMA_selected,ARIMA,Estadistico,3,2026-03-08 16:50:00,2026-03-08 20:50:00,2026-03-08 18:50:00,2026-03-08 19:10:00,20.0,20.0,2.2,3.1271705125366087,0.9271705125366085,0.9271705125366085,42.14411420620948,42.14411420620948,0.527424811018086,0.0,-1.6725751889819143,1.6725751889819143,0.5213598942592597,0.20826287363456078,-0.055578327844863544,0.035103466612634526,25
2025_E04,2025,4,20,SARIMAX_lagged_exog_selected,SARIMAX,Estadistico con exogenas,4,2026-03-08 16:50:00,2026-03-08 20:50:00,2026-03-08 18:50:00,2026-03-08 19:10:00,20.0,20.0,2.2,2.6355907149527864,0.43559071495278623,0.43559071495278623,19.79957795239937,19.79957795239937,0.8879655008475051,0.0,-1.312034499152495,1.312034499152495,0.45429691063456723,0.24100103946905635,-0.03570081710021504,0.26736936753931484,25
2025_E04,2025,4,20,NBEATS,N-BEATS,Deep learning,5,2026-03-08 16:50:00,2026-03-08 20:50:00,2026-03-08 18:50:00,2026-03-08 18:40:00,-10.0,10.0,2.2,2.399611711502075,0.19961171150207502,0.19961171150207502,9.073259613730682,9.073259613730682,2.0437943935394287,0.0,-0.15620560646057147,0.15620560646057147,0.552923517011654,0.2446651627540588,0.19112767953872678,-0.08526458200997533,25
2025_E04,2025,4,20,LSTM,LSTM,Deep learning recurrente,6,2026-03-08 16:50:00,2026-03-08 20:50:00,2026-03-08 18:50:00,2026-03-08 18:50:00,0.0,0.0,2.2,2.239252251386642,0.03925225138664201,0.03925225138664201,1.784193244847364,1.784193244847364,2.239252251386642,0.0,0.03925225138664201,0.03925225138664201,0.3457960341790388,0.1472464797914028,0.0935014315068722,0.5755314451902054,25
2025_E05,2025,5,20,Persistencia,Persistencia,Baseline ingenuo,0,2026-02-23 15:40:00,2026-02-23 19:40:00,2026-02-23 17:40:00,2026-02-23 18:00:00,20.0,20.0,1.9,1.9,0.0,0.0,0.0,0.0,0.68,0.0,-1.2199999999999998,1.2199999999999998,0.37255872020394315,0.1968,-0.014400000000000003,0.20557589566166612,25
2025_E05,2025,5,20,Ridge_ARX_local,Ridge-ARX,ML lineal ARX,1,2026-02-23 15:40:00,2026-02-23 19:40:00,2026-02-23 17:40:00,2026-02-23 17:50:00,10.0,10.0,1.9,2.174422627761543,0.27442262776154314,0.27442262776154314,14.443296197975956,14.443296197975956,0.6849441174627245,0.0,-1.2150558825372753,1.2150558825372753,0.361641519522577,0.18264388880209054,-0.029412397476641493,0.25145223563650043,25
2025_E05,2025,5,20,GradientBoosting_ARX,Gradient Boosting-ARX,ML no lineal ARX,2,2026-02-23 15:40:00,2026-02-23 19:40:00,2026-02-23 17:40:00,2026-02-23 17:50:00,10.0,10.0,1.9,1.6265723289745735,-0.2734276710254264,0.2734276710254264,-14.390930053969813,14.390930053969813,0.740606508618504,0.0,-1.159393491381496,1.159393491381496,0.3180346172571186,0.12041766425906214,-0.09597820864982577,0.4210890880590391,25
2025_E05,2025,5,20,ARIMA_selected,ARIMA,Estadistico,3,2026-02-23 15:40:00,2026-02-23 19:40:00,2026-02-23 17:40:00,2026-02-23 17:50:00,10.0,10.0,1.9,2.4147253333548875,0.5147253333548876,0.5147253333548876,27.090807018678294,27.090807018678294,0.6700682347857428,0.0,-1.229931765214257,1.229931765214257,0.3716447259744055,0.16827540386941928,-0.04601929371634227,0.20946901823494657,25
2025_E05,2025,5,20,SARIMAX_lagged_exog_selected,SARIMAX,Estadistico con exogenas,4,2026-02-23 15:40:00,2026-02-23 19:40:00,2026-02-23 17:40:00,2026-02-23 17:50:00,10.0,10.0,1.9,2.0976940062407587,0.19769400624075883,0.19769400624075883,10.404947696882045,10.404947696882045,0.6787103195541334,0.0,-1.2212896804458664,1.2212896804458664,0.3560355904095697,0.17561822103069716,-0.036105276687081085,0.2744793566590432,25
2025_E05,2025,5,20,NBEATS,N-BEATS,Deep learning,5,2026-02-23 15:40:00,2026-02-23 19:40:00,2026-02-23 17:40:00,2026-02-23 17:50:00,10.0,10.0,1.9,1.9719890356063845,0.07198903560638459,0.07198903560638459,3.7888966108623467,3.7888966108623467,0.77605801820755,0.0,-1.1239419817924499,1.1239419817924499,0.31916288111882957,0.1422985166549683,-0.04988044910430909,0.41697429795304086,25
2025_E05,2025,5,20,LSTM,LSTM,Deep learning recurrente,6,2026-02-23 15:40:00,2026-02-23 19:40:00,2026-02-23 17:40:00,2026-02-23 18:00:00,20.0,20.0,1.9,1.7976225674152375,-0.1023774325847624,0.1023774325847624,-5.38828592551381,5.38828592551381,0.6981437146663666,0.0,-1.2018562853336334,1.2018562853336334,0.34801262574698755,0.1564334902405739,-0.07188105587959288,0.30680894901976286,25
2021_E01,2021,1,30,Persistencia,Persistencia,Baseline ingenuo,0,2022-03-23 08:00:00,2022-03-23 12:00:00,2022-03-23 10:00:00,2022-03-23 10:30:00,30.0,30.0,3.746,3.746,0.0,0.0,0.0,0.0,2.584,0.0,-1.162,1.162,1.0769334426973658,0.8655600000000001,-0.05524,-0.19600709570199437,25
2021_E01,2021,1,30,Ridge_ARX_local,Ridge-ARX,ML lineal ARX,1,2022-03-23 08:00:00,2022-03-23 12:00:00,2022-03-23 10:00:00,2022-03-23 10:10:00,10.0,10.0,3.746,5.439671085507239,1.6936710855072392,1.6936710855072392,45.2127892553988,45.2127892553988,4.941304549306011,0.0,1.195304549306011,1.195304549306011,0.8962282386668297,0.7203067905222531,0.10923297724772571,0.1716892906493377,25
2021_E01,2021,1,30,GradientBoosting_ARX,Gradient Boosting-ARX,ML no lineal ARX,2,2022-03-23 08:00:00,2022-03-23 12:00:00,2022-03-23 10:00:00,2022-03-23 10:30:00,30.0,30.0,3.746,2.0351900217686896,-1.7108099782313104,1.7108099782313104,-45.67031442155127,45.67031442155127,2.0058850881265604,0.0,-1.7401149118734396,1.7401149118734396,0.902661844471244,0.6043534442410704,-0.4887171534169605,0.15975449178532042,25
2021_E01,2021,1,30,ARIMA_selected,ARIMA,Estadistico,3,2022-03-23 08:00:00,2022-03-23 12:00:00,2022-03-23 10:00:00,2022-03-23 10:20:00,20.0,20.0,3.746,3.3495548246577616,-0.39644517534223844,0.39644517534223844,-10.583160046509303,10.583160046509303,2.9688770513832377,0.0,-0.7771229486167623,0.7771229486167623,0.9730415967975296,0.7023333609825676,-0.2565613795672539,0.02362007396229382,25
2021_E01,2021,1,30,SARIMAX_lagged_exog_selected,SARIMAX,Estadistico con exogenas,4,2022-03-23 08:00:00,2022-03-23 12:00:00,2022-03-23 10:00:00,2022-03-23 10:20:00,20.0,20.0,3.746,3.721660470254741,-0.024339529745259103,0.024339529745259103,-0.6497471902097999,0.6497471902097999,3.016399616781828,0.0,-0.7296003832181719,0.7296003832181719,0.928038639824494,0.6776106161489471,-0.21166403684056584,0.11184626431946898,25
2021_E01,2021,1,30,NBEATS,N-BEATS,Deep learning,5,2022-03-23 08:00:00,2022-03-23 12:00:00,2022-03-23 10:00:00,2022-03-23 10:00:00,0.0,0.0,3.746,3.123155117034912,-0.6228448829650879,0.6228448829650879,-16.62693227349407,16.62693227349407,3.123155117034912,0.0,-0.6228448829650879,0.6228448829650879,0.6071980804388344,0.44207656833648684,-0.2563948529052735,0.6197958885388034,25
2021_E01,2021,1,30,LSTM,LSTM,Deep learning recurrente,6,2022-03-23 08:00:00,2022-03-23 12:00:00,2022-03-23 10:00:00,2022-03-23 10:00:00,0.0,0.0,3.746,4.235288059599799,0.4892880595997986,0.4892880595997986,13.061613977570705,13.061613977570705,4.235288059599799,0.0,0.4892880595997986,0.4892880595997986,0.6330691788342517,0.4473675601608735,-0.24919150067658422,0.586706695490467,25
2021_E02,2021,2,30,Persistencia,Persistencia,Baseline ingenuo,0,2022-03-22 16:50:00,2022-03-22 20:50:00,2022-03-22 18:50:00,2022-03-22 19:20:00,30.0,30.0,3.705,3.705,0.0,0.0,0.0,0.0,1.574,0.0,-2.1310000000000002,2.1310000000000002,1.192636256366542,0.77468,-0.08027999999999999,0.11526006919971687,25
2021_E02,2021,2,30,Ridge_ARX_local,Ridge-ARX,ML lineal ARX,1,2022-03-22 16:50:00,2022-03-22 20:50:00,2022-03-22 18:50:00,2022-03-22 19:00:00,10.0,10.0,3.705,5.178024881777559,1.473024881777559,1.473024881777559,39.757756593186485,39.757756593186485,4.761665477273315,0.0,1.0566654772733148,1.0566654772733148,0.7052199613833408,0.4913568361094736,0.12944974391483852,0.6906509361264577,25
2021_E02,2021,2,30,GradientBoosting_ARX,Gradient Boosting-ARX,ML no lineal ARX,2,2022-03-22 16:50:00,2022-03-22 20:50:00,2022-03-22 18:50:00,2022-03-22 19:00:00,10.0,10.0,3.705,1.9382833631552,-1.7667166368448002,1.7667166368448002,-47.68465956396222,47.68465956396222,1.6654331120080403,0.0,-2.0395668879919597,2.0395668879919597,0.9698975259462097,0.5944323725508841,-0.47852931989072517,0.41487141367296365,25
2021_E02,2021,2,30,ARIMA_selected,ARIMA,Estadistico,3,2022-03-22 16:50:00,2022-03-22 20:50:00,2022-03-22 18:50:00,2022-03-22 19:00:00,10.0,10.0,3.705,3.5633190614312453,-0.14168093856875474,0.14168093856875474,-3.8240469249326514,3.8240469249326514,1.9118240499387749,0.0,-1.7931759500612252,1.7931759500612252,1.0312250584603537,0.578628593683207,-0.21382319413147766,0.3385355193951186,25
2021_E02,2021,2,30,SARIMAX_lagged_exog_selected,SARIMAX,Estadistico con exogenas,4,2022-03-22 16:50:00,2022-03-22 20:50:00,2022-03-22 18:50:00,2022-03-22 19:10:00,20.0,20.0,3.705,3.6283013182487567,-0.07669868175124339,0.07669868175124339,-2.070139858333155,2.070139858333155,1.8475118745669628,0.0,-1.8574881254330373,1.8574881254330373,0.9782235939330804,0.5810472405144218,-0.17973482474302035,0.4047822418017214,25
2021_E02,2021,2,30,NBEATS,N-BEATS,Deep learning,5,2022-03-22 16:50:00,2022-03-22 20:50:00,2022-03-22 18:50:00,2022-03-22 18:40:00,-10.0,10.0,3.705,3.5887155532836914,-0.11628444671630866,0.11628444671630866,-3.1385815577951055,3.1385815577951055,3.356678009033203,0.0,-0.34832199096679695,0.34832199096679695,0.5915659907814068,0.3310001749753952,-0.2316417638063431,0.7823262747879809,25
2021_E02,2021,2,30,LSTM,LSTM,Deep learning recurrente,6,2022-03-22 16:50:00,2022-03-22 20:50:00,2022-03-22 18:50:00,2022-03-22 18:50:00,0.0,0.0,3.705,4.651764982024852,0.9467649820248516,0.9467649820248516,25.55371071592042,25.55371071592042,4.651764982024852,0.0,0.9467649820248516,0.9467649820248516,0.668250762582962,0.4048152721525094,-0.0939112889756871,0.7222343490448127,25
2021_E03,2021,3,30,Persistencia,Persistencia,Baseline ingenuo,0,2022-03-10 20:00:00,2022-03-11 00:00:00,2022-03-10 22:00:00,2022-03-10 22:30:00,30.0,30.0,2.52096045987647,2.52096045987647,0.0,0.0,0.0,0.0,1.04742695106612,0.0,-1.4735335088103498,1.4735335088103498,0.6859951925443153,0.4693730128536375,-0.03503246636454347,0.0055888166616326895,25
2021_E03,2021,3,30,Ridge_ARX_local,Ridge-ARX,ML lineal ARX,1,2022-03-10 20:00:00,2022-03-11 00:00:00,2022-03-10 22:00:00,2022-03-10 22:20:00,20.0,20.0,2.52096045987647,2.853570237832619,0.332609777956149,0.332609777956149,13.193772105907891,13.193772105907891,2.7311813402456817,0.0,0.21022088036921183,0.21022088036921183,0.36191770436685017,0.24933610399152517,0.08387993503463807,0.7232143868136693,25
2021_E03,2021,3,30,GradientBoosting_ARX,Gradient Boosting-ARX,ML no lineal ARX,2,2022-03-10 20:00:00,2022-03-11 00:00:00,2022-03-10 22:00:00,2022-03-10 22:20:00,20.0,20.0,2.52096045987647,1.7966224431788311,-0.7243380166976388,0.7243380166976388,-28.732621087326862,28.732621087326862,1.3850382798826253,0.0,-1.1359221799938446,1.1359221799938446,0.42423362797528646,0.2286944112866782,-0.15870876134216202,0.6196932466732888,25
2021_E03,2021,3,30,ARIMA_selected,ARIMA,Estadistico,3,2022-03-10 20:00:00,2022-03-11 00:00:00,2022-03-10 22:00:00,2022-03-10 22:20:00,20.0,20.0,2.52096045987647,2.4886978027539803,-0.032262657122489546,0.032262657122489546,-1.2797764041118858,1.2797764041118858,1.182719320792222,0.0,-1.338241139084248,1.338241139084248,0.6062922630302714,0.33867190936023867,-0.14132190968452496,0.223238113494448,25
2021_E03,2021,3,30,SARIMAX_lagged_exog_selected,SARIMAX,Estadistico con exogenas,4,2022-03-10 20:00:00,2022-03-11 00:00:00,2022-03-10 22:00:00,2022-03-10 22:20:00,20.0,20.0,2.52096045987647,2.520293037261805,-0.0006674226146650142,0.0006674226146650142,-0.026474933870946897,0.026474933870946897,1.0797010288197355,0.0,-1.4412594310567344,1.4412594310567344,0.5813694205539445,0.3376447298105895,-0.11610458521253321,0.28578622093218975,25
2021_E03,2021,3,30,NBEATS,N-BEATS,Deep learning,5,2022-03-10 20:00:00,2022-03-11 00:00:00,2022-03-10 22:00:00,2022-03-10 22:00:00,0.0,0.0,2.52096045987647,1.731898546218872,-0.7890619136575978,0.7890619136575978,-31.300051159718024,31.300051159718024,1.731898546218872,0.0,-0.7890619136575978,0.7890619136575978,0.4650442689793167,0.26129154368055135,-0.24541649582672811,0.5430039473735129,25
2021_E03,2021,3,30,LSTM,LSTM,Deep learning recurrente,6,2022-03-10 20:00:00,2022-03-11 00:00:00,2022-03-10 22:00:00,2022-03-10 22:00:00,0.0,0.0,2.52096045987647,2.758417589737752,0.2374571298612822,0.2374571298612822,9.419311950371402,9.419311950371402,2.758417589737752,0.0,0.2374571298612822,0.2374571298612822,0.22006314108113595,0.14141756910766062,-0.04986482220262087,0.8976663485924555,25
2021_E04,2021,4,30,Persistencia,Persistencia,Baseline ingenuo,0,2022-03-18 15:50:00,2022-03-18 19:50:00,2022-03-18 17:50:00,2022-03-18 18:20:00,30.0,30.0,1.505,1.505,0.0,0.0,0.0,0.0,0.364,0.0,-1.141,1.141,0.41742505914235667,0.27784000000000003,-0.02944000000000001,-0.012170098535512652,25
2021_E04,2021,4,30,Ridge_ARX_local,Ridge-ARX,ML lineal ARX,1,2022-03-18 15:50:00,2022-03-18 19:50:00,2022-03-18 17:50:00,2022-03-18 18:20:00,30.0,30.0,1.505,1.7296562031312988,0.22465620313129886,0.22465620313129886,14.927322467195939,14.927322467195939,1.193249234884466,0.0,-0.3117507651155338,0.3117507651155338,0.20891491277618235,0.12264457088344949,0.007467481479966117,0.7464664997020163,25
2021_E04,2021,4,30,GradientBoosting_ARX,Gradient Boosting-ARX,ML no lineal ARX,2,2022-03-18 15:50:00,2022-03-18 19:50:00,2022-03-18 17:50:00,2022-03-18 18:10:00,20.0,20.0,1.505,1.2592275393460566,-0.24577246065394331,0.24577246065394331,-16.33039605674042,16.33039605674042,1.0399311751019409,0.0,-0.465068824898059,0.465068824898059,0.16382939121344403,0.10361854844981677,-0.0041217420255196925,0.8440877986795594,25
2021_E04,2021,4,30,ARIMA_selected,ARIMA,Estadistico,3,2022-03-18 15:50:00,2022-03-18 19:50:00,2022-03-18 17:50:00,2022-03-18 18:20:00,30.0,30.0,1.505,1.7588596946264172,0.25385969462641733,0.25385969462641733,16.86775379577524,16.86775379577524,0.4556961590901104,0.0,-1.0493038409098894,1.0493038409098894,0.38449131548428134,0.22567444548766283,-0.06901800943315745,0.14124448693306946,25
2021_E04,2021,4,30,SARIMAX_lagged_exog_selected,SARIMAX,Estadistico con exogenas,4,2022-03-18 15:50:00,2022-03-18 19:50:00,2022-03-18 17:50:00,2022-03-18 18:20:00,30.0,30.0,1.505,1.5164916917608555,0.011491691760855627,0.011491691760855627,0.763567558860839,0.763567558860839,0.4718889291208461,0.0,-1.0331110708791538,1.0331110708791538,0.34242217924053486,0.20807717942018528,-0.06145093909103041,0.31888531752343285,25
2021_E04,2021,4,30,NBEATS,N-BEATS,Deep learning,5,2022-03-18 15:50:00,2022-03-18 19:50:00,2022-03-18 17:50:00,2022-03-18 18:10:00,20.0,20.0,1.505,1.5453218221664429,0.04032182216644298,0.04032182216644298,2.679190841624118,2.679190841624118,1.0837018489837646,0.0,-0.42129815101623524,0.42129815101623524,0.13681349465147408,0.07587748188018797,0.008266694340705856,0.8912687599375245,25
2021_E04,2021,4,30,LSTM,LSTM,Deep learning recurrente,6,2022-03-18 15:50:00,2022-03-18 19:50:00,2022-03-18 17:50:00,2022-03-18 18:20:00,30.0,30.0,1.505,1.427070800160941,-0.077929199839059,0.077929199839059,-5.178019922861063,5.178019922861063,1.134703389954424,0.0,-0.3702966100455758,0.3702966100455758,0.14315074930905555,0.07970541676730333,0.02311963004202907,0.8809625212542862,25
2021_E05,2021,5,30,Persistencia,Persistencia,Baseline ingenuo,0,2022-02-21 14:00:00,2022-02-21 18:00:00,2022-02-21 16:00:00,2022-02-21 16:30:00,30.0,30.0,1.17999934653347,1.17999934653347,0.0,0.0,0.0,0.0,0.909946885395204,0.0,-0.270052461138266,0.270052461138266,0.2727886370380877,0.22169411598673613,-0.026077033340796446,0.386080666806883,25
2021_E05,2021,5,30,Ridge_ARX_local,Ridge-ARX,ML lineal ARX,1,2022-02-21 14:00:00,2022-02-21 18:00:00,2022-02-21 16:00:00,2022-02-21 15:50:00,-10.0,10.0,1.17999934653347,1.1741361017671357,-0.0058632447663342635,0.0058632447663342635,-0.49688542485713627,0.49688542485713627,1.1006590088946944,0.0,-0.07934033763877557,0.07934033763877557,0.14697526470139252,0.12201393728729906,0.006912984054137954,0.8217837666930892,25
2021_E05,2021,5,30,GradientBoosting_ARX,Gradient Boosting-ARX,ML no lineal ARX,2,2022-02-21 14:00:00,2022-02-21 18:00:00,2022-02-21 16:00:00,2022-02-21 15:40:00,-20.0,20.0,1.17999934653347,1.5032434073703975,0.3232440608369276,0.3232440608369276,27.393579647864573,27.393579647864573,1.3255938085061938,0.0,0.14559446197272385,0.14559446197272385,0.19647626653413225,0.13411806743124877,0.07869957114083578,0.6815223555762467,25
2021_E05,2021,5,30,ARIMA_selected,ARIMA,Estadistico,3,2022-02-21 14:00:00,2022-02-21 18:00:00,2022-02-21 16:00:00,2022-02-21 16:30:00,30.0,30.0,1.17999934653347,1.1031926387448872,-0.07680670778858278,0.07680670778858278,-6.509046637544405,6.509046637544405,0.831381487102931,0.0,-0.3486178594305389,0.3486178594305389,0.23516393238079183,0.17785343968759817,-0.07969508643743538,0.543752827594959,25
2021_E05,2021,5,30,SARIMAX_lagged_exog_selected,SARIMAX,Estadistico con exogenas,4,2022-02-21 14:00:00,2022-02-21 18:00:00,2022-02-21 16:00:00,2022-02-21 16:30:00,30.0,30.0,1.17999934653347,1.0348910604555728,-0.14510828607789716,0.14510828607789716,-12.297319189556115,12.297319189556115,0.9010064878490788,0.0,-0.27899285868439117,0.27899285868439117,0.23154110357179183,0.17898317295913937,-0.07293948203188504,0.5577020197896196,25
2021_E05,2021,5,30,NBEATS,N-BEATS,Deep learning,5,2022-02-21 14:00:00,2022-02-21 18:00:00,2022-02-21 16:00:00,2022-02-21 16:00:00,0.0,0.0,1.17999934653347,1.444605827331543,0.26460648079807303,0.26460648079807303,22.42429045197506,22.42429045197506,1.444605827331543,0.0,0.26460648079807303,0.26460648079807303,0.16403362894372545,0.11246221221679965,0.04483774231281819,0.7780145322825922,25
2021_E05,2021,5,30,LSTM,LSTM,Deep learning recurrente,6,2022-02-21 14:00:00,2022-02-21 18:00:00,2022-02-21 16:00:00,2022-02-21 15:50:00,-10.0,10.0,1.17999934653347,1.3692607310872056,0.18926138455373565,0.18926138455373565,16.039109268131053,16.039109268131053,1.285336532620558,0.0,0.10533718608708798,0.10533718608708798,0.11489757199927207,0.08777134555419625,0.0025332798092908473,0.891086814374466,25
2025_E01,2025,1,30,Persistencia,Persistencia,Baseline ingenuo,0,2026-03-16 14:00:00,2026-03-16 18:00:00,2026-03-16 16:00:00,2026-03-16 16:30:00,30.0,30.0,3.3,3.3,0.0,0.0,0.0,0.0,2.3,0.0,-1.0,1.0,0.5370586560144059,0.44800000000000006,0.044,0.07891577038039999,25
2025_E01,2025,1,30,Ridge_ARX_local,Ridge-ARX,ML lineal ARX,1,2026-03-16 14:00:00,2026-03-16 18:00:00,2026-03-16 16:00:00,2026-03-16 16:20:00,20.0,20.0,3.3,3.50874423232309,0.20874423232309036,0.20874423232309036,6.325582797669405,6.325582797669405,2.68973383161754,0.0,-0.6102661683824597,0.6102661683824597,0.45877092723415736,0.37450529522810705,0.04084825090836953,0.32787866388853526,25
2025_E01,2025,1,30,GradientBoosting_ARX,Gradient Boosting-ARX,ML no lineal ARX,2,2026-03-16 14:00:00,2026-03-16 18:00:00,2026-03-16 16:00:00,2026-03-16 16:00:00,0.0,0.0,3.3,2.25928518737321,-1.0407148126267898,1.0407148126267898,-31.536812503842114,31.536812503842114,2.25928518737321,0.0,-1.0407148126267898,1.0407148126267898,0.7023680158814433,0.6085678464772104,-0.6085678464772104,-0.575380111811931,25
2025_E01,2025,1,30,ARIMA_selected,ARIMA,Estadistico,3,2026-03-16 14:00:00,2026-03-16 18:00:00,2026-03-16 16:00:00,2026-03-16 16:30:00,30.0,30.0,3.3,2.992739915822757,-0.3072600841772428,0.3072600841772428,-9.31091164173463,9.31091164173463,2.2059380240673065,0.0,-1.0940619759326933,1.0940619759326933,0.48536312104482277,0.32088956169969657,-0.21248423388961998,0.24770278443664495,25
2025_E01,2025,1,30,SARIMAX_lagged_exog_selected,SARIMAX,Estadistico con exogenas,4,2026-03-16 14:00:00,2026-03-16 18:00:00,2026-03-16 16:00:00,2026-03-16 16:30:00,30.0,30.0,3.3,3.128792923272634,-0.17120707672736568,0.17120707672736568,-5.188093234162596,5.188093234162596,2.2647327746352595,0.0,-1.0352672253647404,1.0352672253647404,0.4684823937069526,0.3397330362708644,-0.08479290330284138,0.2991219591836466,25
2025_E01,2025,1,30,NBEATS,N-BEATS,Deep learning,5,2026-03-16 14:00:00,2026-03-16 18:00:00,2026-03-16 16:00:00,2026-03-16 16:10:00,10.0,10.0,3.3,1.805060148239136,-1.4949398517608639,1.4949398517608639,-45.301207629117094,45.301207629117094,1.5828403234481812,0.0,-1.7171596765518187,1.7171596765518187,0.8374079965797444,0.6906671056747438,-0.6906671056747438,-1.2393919498240464,25
2025_E01,2025,1,30,LSTM,LSTM,Deep learning recurrente,6,2026-03-16 14:00:00,2026-03-16 18:00:00,2026-03-16 16:00:00,2026-03-16 16:10:00,10.0,10.0,3.3,2.8067770481109617,-0.4932229518890381,0.4932229518890381,-14.94615005724358,14.94615005724358,2.2535551488399506,0.0,-1.0464448511600493,1.0464448511600493,0.5203260487034511,0.38107305288314813,-0.37613828468322746,0.13541630381119818,25
2025_E02,2025,2,30,Persistencia,Persistencia,Baseline ingenuo,0,2026-03-03 14:10:00,2026-03-03 18:10:00,2026-03-03 16:10:00,2026-03-03 16:40:00,30.0,30.0,2.6,2.6,0.0,0.0,0.0,0.0,0.81,0.0,-1.79,1.79,0.679072897412347,0.4364,-0.03239999999999998,-0.09628185621909457,25
2025_E02,2025,2,30,Ridge_ARX_local,Ridge-ARX,ML lineal ARX,1,2026-03-03 14:10:00,2026-03-03 18:10:00,2026-03-03 16:10:00,2026-03-03 16:40:00,30.0,30.0,2.6,2.825490792525332,0.22549079252533177,0.22549079252533177,8.672722789435836,8.672722789435836,1.170544900781729,0.0,-1.429455099218271,1.429455099218271,0.5696172665815074,0.34718576126555134,-0.030061352082186844,0.2286424724520063,25
2025_E02,2025,2,30,GradientBoosting_ARX,Gradient Boosting-ARX,ML no lineal ARX,2,2026-03-03 14:10:00,2026-03-03 18:10:00,2026-03-03 16:10:00,2026-03-03 16:30:00,20.0,20.0,2.6,1.9582083609186716,-0.6417916390813285,0.6417916390813285,-24.684293810820325,24.684293810820325,1.44008398081568,0.0,-1.15991601918432,1.15991601918432,0.4375359669068436,0.21903173253503763,-0.19710530405550727,0.5448894010624132,25
2025_E02,2025,2,30,ARIMA_selected,ARIMA,Estadistico,3,2026-03-03 14:10:00,2026-03-03 18:10:00,2026-03-03 16:10:00,2026-03-03 16:40:00,30.0,30.0,2.6,2.626482871024451,0.026482871024450905,0.026482871024450905,1.018571962478881,1.018571962478881,0.946979680739393,0.0,-1.653020319260607,1.653020319260607,0.5854856485594725,0.31987682121476346,-0.11439438511288648,0.18506693450668965,25
2025_E02,2025,2,30,SARIMAX_lagged_exog_selected,SARIMAX,Estadistico con exogenas,4,2026-03-03 14:10:00,2026-03-03 18:10:00,2026-03-03 16:10:00,2026-03-03 16:40:00,30.0,30.0,2.6,2.5240942003133844,-0.0759057996866157,0.0759057996866157,-2.919453834100604,2.919453834100604,0.9036252697322028,0.0,-1.6963747302677974,1.6963747302677974,0.586255992519524,0.34421259629288026,-0.07472274431106862,0.1829210518137786,25
2025_E02,2025,2,30,NBEATS,N-BEATS,Deep learning,5,2026-03-03 14:10:00,2026-03-03 18:10:00,2026-03-03 16:10:00,2026-03-03 16:20:00,10.0,10.0,2.6,2.4840569496154785,-0.11594305038452157,0.11594305038452157,-4.459348091712368,4.459348091712368,2.029859781265259,0.0,-0.5701402187347413,0.5701402187347413,0.3558702051067318,0.1701500638008118,-0.07354804277420045,0.6989263910167665,25
2025_E02,2025,2,30,LSTM,LSTM,Deep learning recurrente,6,2026-03-03 14:10:00,2026-03-03 18:10:00,2026-03-03 16:10:00,2026-03-03 16:30:00,20.0,20.0,2.6,2.640277993679047,0.04027799367904672,0.04027799367904672,1.5491536030402584,1.5491536030402584,1.136195170879364,0.0,-1.463804829120636,1.463804829120636,0.4809446108535519,0.24556846706271176,-0.11269157162308688,0.45010527123175526,25
2025_E03,2025,3,30,Persistencia,Persistencia,Baseline ingenuo,0,2026-02-24 15:50:00,2026-02-24 19:50:00,2026-02-24 17:50:00,2026-02-24 18:20:00,30.0,30.0,2.3,2.3,0.0,0.0,0.0,0.0,0.55,0.0,-1.7499999999999998,1.7499999999999998,0.5818281533236423,0.32199999999999995,-0.02439999999999999,-0.3847383770396955,25
2025_E03,2025,3,30,Ridge_ARX_local,Ridge-ARX,ML lineal ARX,1,2026-02-24 15:50:00,2026-02-24 19:50:00,2026-02-24 17:50:00,2026-02-24 18:20:00,30.0,30.0,2.3,2.3330445329379668,0.03304453293796694,0.03304453293796694,1.4367188233898671,1.4367188233898671,1.0863230676388047,0.0,-1.2136769323611951,1.2136769323611951,0.4219188467382241,0.23284239635813686,-0.008681195577771077,0.27182441161621473,25
2025_E03,2025,3,30,GradientBoosting_ARX,Gradient Boosting-ARX,ML no lineal ARX,2,2026-02-24 15:50:00,2026-02-24 19:50:00,2026-02-24 17:50:00,2026-02-24 18:20:00,30.0,30.0,2.3,1.5085845776322857,-0.7914154223677141,0.7914154223677141,-34.40936618990062,34.40936618990062,1.0484597960517363,0.0,-1.2515402039482635,1.2515402039482635,0.3570476143767401,0.16601655507372978,-0.1381671263583364,0.4785285502906177,25
2025_E03,2025,3,30,ARIMA_selected,ARIMA,Estadistico,3,2026-02-24 15:50:00,2026-02-24 19:50:00,2026-02-24 17:50:00,2026-02-24 18:20:00,30.0,30.0,2.3,2.3412770873226725,0.041277087322672656,0.041277087322672656,1.7946559705509852,1.7946559705509852,0.5317893469901842,0.0,-1.7682106530098156,1.7682106530098156,0.5555474574862044,0.27334460002820843,-0.08436476594996764,-0.2624686237641163,25
2025_E03,2025,3,30,SARIMAX_lagged_exog_selected,SARIMAX,Estadistico con exogenas,4,2026-02-24 15:50:00,2026-02-24 19:50:00,2026-02-24 17:50:00,2026-02-24 18:20:00,30.0,30.0,2.3,2.2130111999531907,-0.08698880004680909,0.08698880004680909,-3.782121741165613,3.782121741165613,0.8144952750814882,0.0,-1.4855047249185116,1.4855047249185116,0.4957192312026899,0.2620227616956511,-0.05441870635280768,-0.005193796387230387,25
2025_E03,2025,3,30,NBEATS,N-BEATS,Deep learning,5,2026-02-24 15:50:00,2026-02-24 19:50:00,2026-02-24 17:50:00,2026-02-24 17:50:00,0.0,0.0,2.3,2.137864828109741,-0.1621351718902586,0.1621351718902586,-7.049355299576462,7.049355299576462,2.137864828109741,0.0,-0.1621351718902586,0.1621351718902586,0.2050209161396495,0.08324460258483882,-0.0072191051483154614,0.8280609177274966,25
2025_E03,2025,3,30,LSTM,LSTM,Deep learning recurrente,6,2026-02-24 15:50:00,2026-02-24 19:50:00,2026-02-24 17:50:00,2026-02-24 18:20:00,30.0,30.0,2.3,2.02570213675499,-0.27429786324500993,0.27429786324500993,-11.925994054130868,11.925994054130868,1.5023862957954406,0.0,-0.7976137042045592,0.7976137042045592,0.2594629880454611,0.1268021058499813,-0.027168240600824334,0.7246220927649253,25
2025_E04,2025,4,30,Persistencia,Persistencia,Baseline ingenuo,0,2026-03-08 16:50:00,2026-03-08 20:50:00,2026-03-08 18:50:00,2026-03-08 19:20:00,30.0,30.0,2.2,2.2,0.0,0.0,0.0,0.0,0.55,0.0,-1.6500000000000001,1.6500000000000001,0.5863787172126902,0.33279999999999993,-0.032,-0.22056778836978985,25
2025_E04,2025,4,30,Ridge_ARX_local,Ridge-ARX,ML lineal ARX,1,2026-03-08 16:50:00,2026-03-08 20:50:00,2026-03-08 18:50:00,2026-03-08 19:20:00,30.0,30.0,2.2,2.821350409609406,0.621350409609406,0.621350409609406,28.24320043679118,28.24320043679118,1.9422851527465428,0.0,-0.2577148472534574,0.2577148472534574,0.36397679278207407,0.20592145612697027,0.02574488903843489,0.5297239151063406,25
2025_E04,2025,4,30,GradientBoosting_ARX,Gradient Boosting-ARX,ML no lineal ARX,2,2026-03-08 16:50:00,2026-03-08 20:50:00,2026-03-08 18:50:00,2026-03-08 19:20:00,30.0,30.0,2.2,1.4536593856322328,-0.7463406143677673,0.7463406143677673,-33.92457338035306,33.92457338035306,1.0156577394575597,0.0,-1.1843422605424405,1.1843422605424405,0.42173077508902795,0.23266460293498362,-0.1534891512632624,0.36864140887972896,25
2025_E04,2025,4,30,ARIMA_selected,ARIMA,Estadistico,3,2026-03-08 16:50:00,2026-03-08 20:50:00,2026-03-08 18:50:00,2026-03-08 19:20:00,30.0,30.0,2.2,3.079098355539191,0.8790983555391909,0.8790983555391909,39.95901616087231,39.95901616087231,0.5386907297938383,0.0,-1.661309270206162,1.661309270206162,0.6054973282284846,0.285015952141378,-0.09236190117803052,-0.3014574343733003,25
2025_E04,2025,4,30,SARIMAX_lagged_exog_selected,SARIMAX,Estadistico con exogenas,4,2026-03-08 16:50:00,2026-03-08 20:50:00,2026-03-08 18:50:00,2026-03-08 19:20:00,30.0,30.0,2.2,2.61622223001653,0.4162222300165297,0.4162222300165297,18.91919227347862,18.91919227347862,0.9345376843308686,0.0,-1.2654623156691316,1.2654623156691316,0.4905810219999874,0.27067487775217686,-0.054126906603471046,0.1456673707606989,25
2025_E04,2025,4,30,NBEATS,N-BEATS,Deep learning,5,2026-03-08 16:50:00,2026-03-08 20:50:00,2026-03-08 18:50:00,2026-03-08 18:50:00,0.0,0.0,2.2,3.1796815395355225,0.9796815395355223,0.9796815395355223,44.530979069796466,44.530979069796466,3.1796815395355225,0.0,0.9796815395355223,0.9796815395355223,0.5371251900676497,0.21046209278106687,0.15910598773956297,-0.024133440196469458,25
2025_E04,2025,4,30,LSTM,LSTM,Deep learning recurrente,6,2026-03-08 16:50:00,2026-03-08 20:50:00,2026-03-08 18:50:00,2026-03-08 19:00:00,10.0,10.0,2.2,2.8939017057418823,0.6939017057418821,0.6939017057418821,31.540986624631007,31.540986624631007,2.8743862390518187,0.0,0.6743862390518185,0.6743862390518185,0.35467918083838557,0.18313259236216545,0.1219748105823994,0.5534430017838939,25
2025_E05,2025,5,30,Persistencia,Persistencia,Baseline ingenuo,0,2026-02-23 15:40:00,2026-02-23 19:40:00,2026-02-23 17:40:00,2026-02-23 18:10:00,30.0,30.0,1.9,1.9,0.0,0.0,0.0,0.0,0.66,0.0,-1.2399999999999998,1.2399999999999998,0.4640818893255801,0.28119999999999995,-0.0228,-0.23268521757604943,25
2025_E05,2025,5,30,Ridge_ARX_local,Ridge-ARX,ML lineal ARX,1,2026-02-23 15:40:00,2026-02-23 19:40:00,2026-02-23 17:40:00,2026-02-23 18:00:00,20.0,20.0,1.9,2.115745727044653,0.215745727044653,0.215745727044653,11.355038265508053,11.355038265508053,0.6805872111864371,0.0,-1.2194127888135629,1.2194127888135629,0.4418325978002706,0.2554832360990792,-0.05030519656770804,-0.1173222715248623,25
2025_E05,2025,5,30,GradientBoosting_ARX,Gradient Boosting-ARX,ML no lineal ARX,2,2026-02-23 15:40:00,2026-02-23 19:40:00,2026-02-23 17:40:00,2026-02-23 18:00:00,20.0,20.0,1.9,1.3431085550808324,-0.5568914449191675,0.5568914449191675,-29.310076048377237,29.310076048377237,0.7541003607154758,0.0,-1.145899639284524,1.145899639284524,0.37049177980183806,0.16172466891253343,-0.14406924243964053,0.21436630769113763,25
2025_E05,2025,5,30,ARIMA_selected,ARIMA,Estadistico,3,2026-02-23 15:40:00,2026-02-23 19:40:00,2026-02-23 17:40:00,2026-02-23 18:00:00,20.0,20.0,1.9,2.373074253448651,0.47307425344865095,0.47307425344865095,24.89864491835005,24.89864491835005,0.6660321084766891,0.0,-1.2339678915233108,1.2339678915233108,0.4493318671497026,0.23526142021294838,-0.07543552199587467,-0.15557300434848753,25
2025_E05,2025,5,30,SARIMAX_lagged_exog_selected,SARIMAX,Estadistico con exogenas,4,2026-02-23 15:40:00,2026-02-23 19:40:00,2026-02-23 17:40:00,2026-02-23 18:00:00,20.0,20.0,1.9,2.0645523107607486,0.16455231076074872,0.16455231076074872,8.66064793477625,8.66064793477625,0.6648011514783017,0.0,-1.2351988485216983,1.2351988485216983,0.4398212276703285,0.2526913983542236,-0.054016425288120715,-0.10717257541211023,25
2025_E05,2025,5,30,NBEATS,N-BEATS,Deep learning,5,2026-02-23 15:40:00,2026-02-23 19:40:00,2026-02-23 17:40:00,2026-02-23 18:00:00,20.0,20.0,1.9,1.67722749710083,-0.22277250289916983,0.22277250289916983,-11.724868573640519,11.724868573640519,0.7484346032142639,0.0,-1.151565396785736,1.151565396785736,0.3828573926349288,0.1746296981811523,-0.111208278465271,0.16104817795731774,25
2025_E05,2025,5,30,LSTM,LSTM,Deep learning recurrente,6,2026-02-23 15:40:00,2026-02-23 19:40:00,2026-02-23 17:40:00,2026-02-23 18:10:00,30.0,30.0,1.9,1.575224328041077,-0.324775671958923,0.324775671958923,-17.093456418890685,17.093456418890685,0.648689379543066,0.0,-1.251310620456934,1.251310620456934,0.4186823209585108,0.20814384519457824,-0.11476073701977725,-0.0033031895738904193,25
